DATE,DES_CAR_TOTAL,MEAN_TEMP,AVG_RAIN,AVG_SNOW,TOTAL_SNOW,PCODE
20130101,52994,-4.7,3.1,4.9,10.9,S10
20130102,33599,-11.7,0,0,10.9,100
20130103,22965,-13.2,0,0,10.1,0
20130104,27656,-10.7,0,0,9.2,1
20130105,38166,-7,0,0,7.5,11
20130106,51248,-6.3,0,0,7.3,110
20130107,27845,-5.1,0,0,7.1,100
20130108,27132,-4.6,0,0,6.9,0
20130109,25235,-9,0,0,6.4,0
20130110,25347,-8.3,0,0,6.2,0
20130111,30863,-3.2,0,0,6.1,1
20130112,48382,0,0.1,0.1,6.1,11
20130113,62030,-0.5,0,0,3.8,110
20130114,32045,-2.1,0,0,3.4,100
20130115,28040,-2.1,0,0,3.2,0
20130116,26862,-2.6,0.3,0.5,3.6,0
20130117,25121,-5.8,0,0,2.9,0
20130118,30055,-4.4,0,0,2.8,1
20130119,49805,0.5,0,0,2.8,11
20130120,63724,1.6,0,0,2.3,110
20130121,27381,2.2,16.5,0,1.7,100
20130122,23095,3.8,0.5,0,0,0
20130123,25337,1.8,1.5,0,0,0
20130124,26073,-0.9,0.1,0.3,0.3,0
20130125,30260,-9.1,0,0,0,1
20130126,46590,-9.2,0,0,0,11
20130127,59014,-7.3,0,0,0,110
20130128,29610,-3.5,0,0,0,100
20130129,26818,2.2,0,0,0,0
20130130,25863,5.4,0,0,0,0
20130131,26725,7.4,0,0,0,0
20130201,26836,7.3,46.5,0,0,1
20130202,41631,-1.1,0,0,0,11
20130203,51504,-3.2,7.5,9,9,110
20130204,21373,-0.8,7.4,7.7,16.5,100
20130205,22420,-0.6,4.5,1.5,13.5,0
20130206,20947,-1.5,2.1,1.6,15.1,0
20130207,23697,-11.1,0,0,12.9,1
20130208,23851,-11.5,0,0,12.7,1
20130209,25043,-7.2,0,0,12.5,A-1
20130210,50018,-4,1.2,1.2,13.4,A0
20130211,60535,-5.8,0,0,11.3,A+1
20130212,41415,-3.8,0,0,10.3,A+2
20130213,25587,-1.3,0,0,10,0
20130214,26068,1.1,0,0,8.9,0
20130215,29766,-1.2,0,0,6,1
20130216,43192,-2.6,0,0,4.1,11
20130217,54868,2.3,0,0,3.3,110
20130218,29192,0.5,0,0,0.5,100
20130219,26830,-2.9,0,0,0,0
20130220,28164,-4.8,0,0,0,0
20130221,28481,-1.7,0,0,0,0
20130222,32607,0.5,3.9,3.9,3.9,1
20130223,45268,-0.9,0,0,0,11
20130224,58367,1.4,0,0,0,110
20130225,33687,3.3,0,0,0,100
20130226,30223,4.8,0,0,0,0
20130227,30894,3.4,0,0,0,0
20130228,34634,6.7,1,0,0,1
20130301,52055,0.8,3,0,0,12
20130302,66110,-0.8,0,0,0,111
20130303,70087,0.4,0,0,0,110
20130304,26303,3.1,0,0,0,100
20130305,23786,3.7,0,0,0,0
20130306,24264,7.9,0,0,0,0
20130307,23342,8,0.5,0,0,0
20130308,28661,8.5,0,0,0,1
20130309,40209,13.2,0,0,0,11
20130310,51098,1.2,0,0,0,110
20130311,25557,4.2,0,0,0,100
20130312,24642,7.5,3.5,0,0,0
20130313,22842,5.2,11.5,0,0,0
20130314,24727,4.1,0,0,0,0
20130315,29652,4.6,0,0,0,1
20130316,40486,6.3,0,0,0,11
20130317,51340,8.2,7.5,0,0,110
20130318,25656,8.3,1,0,0,100
20130319,24576,8,0,0,0,0
20130320,23073,2.8,0.1,0,0,0
20130321,24195,1.5,0,0,0,0
20130322,29754,3.4,0,0,0,1
20130323,41148,5.4,0,0,0,11
20130324,53307,5.1,0,0,0,110
20130325,25732,2.8,0,0,0,100
20130326,24147,4.4,0,0,0,0
20130327,24917,7.5,0,0,0,0
20130328,25820,7.3,0,0,0,0
20130329,30127,5.4,0,0,0,1
20130330,40917,4.9,0.2,0,0,11
20130331,51624,6.3,0,0,0,110
20130401,26798,9.2,0.5,0,0,100
20130402,23618,7.2,8.5,0,0,0
20130403,24944,7.9,0,0,0,0
20130404,26357,12.6,0,0,0,0
20130405,34003,14.6,0,0,0,1
20130406,36497,7.5,14,0,0,11
20130407,46847,5.1,1,0,0,110
20130408,26701,8,1,0,0,100
20130409,25451,6.2,0.5,0,0,0
20130410,25430,5,1.5,0,0,0
20130411,26256,5.5,0.5,0,0,0
20130412,32185,6.9,0,0,0,1
20130413,47491,11.4,0,0,0,11
20130414,55738,8.3,3.5,0,0,110
20130415,28669,7.5,0,0,0,100
20130416,26256,13.2,0,0,0,0
20130417,26758,14.8,0,0,0,0
20130418,27834,12.3,0,0,0,0
20130419,32951,9.8,0,0,0,1
20130420,43172,6.6,9.5,0,0,11
20130421,55079,9,0,0,0,110
20130422,30079,11.4,0,0,0,100
20130423,26636,11.2,5.5,0,0,0
20130424,26630,12.3,0.1,0,0,0
20130425,26530,9.3,4.5,0,0,0
20130426,32747,11.7,0.1,0,0,1
20130427,46372,12.8,0,0,0,11
20130428,57345,16,0,0,0,110
20130429,27929,13.5,21,0,0,100
20130430,30147,13.4,0,0,0,0
20130501,38042,13.2,1,0,0,0
20130502,29192,12.4,1,0,0,0
20130503,34169,12.6,0,0,0,1
20130504,47644,13.9,0,0,0,11
20130505,59975,14.3,0,0,0,110
20130506,33160,14.6,0,0,0,100
20130507,29453,18.7,0,0,0,0
20130508,30565,19.4,0,0,0,0
20130509,30834,18.1,2.5,0,0,0
20130510,31956,14,22,0,0,1
20130511,49719,17.9,0,0,0,11
20130512,61524,19.1,1,0,0,110
20130513,31876,21.6,0,0,0,100
20130514,29369,20.2,0,0,0,0
20130515,30046,19.4,0,0,0,0
20130516,36137,22,0,0,0,1
20130517,49825,20.2,0,0,0,12
20130518,62020,17.7,14.5,0,0,111
20130519,79897,16.6,19.5,0,0,110
20130520,33243,14.4,0,0,0,100
20130521,29184,17.7,0,0,0,0
20130522,29724,19.7,0,0,0,0
20130523,30891,22.1,0,0,0,0
20130524,35911,21.3,0,0,0,1
20130525,49485,24.7,0,0,0,11
20130526,62551,23.9,0,0,0,110
20130527,31017,19.7,56.5,0,0,100
20130528,25387,18.9,11.5,0,0,0
20130529,27231,16.1,2.5,0,0,0
20130530,29706,19.2,0,0,0,0
20130531,34269,21.3,0,0,0,1
20130601,47437,21.7,0,0,0,11
20130602,61273,23.5,0,0,0,110
20130603,30914,21.3,0,0,0,100
20130604,29364,22.8,0.2,0,0,0
20130605,33648,24.8,0,0,0,1
20130606,48728,25,0,0,0,01S
20130607,45883,25.7,0,0,0,101
20130608,60302,26.4,0,0,0,11
20130609,65330,27.4,0,0,0,110
20130610,34009,27.5,0,0,0,100
20130611,29702,23.7,7,0,0,0
20130612,27175,20.5,6.5,0,0,0
20130613,31095,23,0,0,0,0
20130614,36201,24.6,0,0,0,1
20130615,50716,24.6,0,0,0,11
20130616,64953,22.5,0,0,0,110
20130617,34376,22.3,0.5,0,0,100
20130618,24950,21.7,12,0,0,0
20130619,27951,24.3,0.1,0,0,0
20130620,31107,25.8,0,0,0,0
20130621,37415,26.6,0,0,0,1
20130622,51009,25.1,0,0,0,11
20130623,63239,22.9,0.3,0,0,110
20130624,33824,23.5,0,0,0,100
20130625,30494,25.1,0,0,0,0
20130626,30541,24.5,0,0,0,0
20130627,32069,25.1,0,0,0,0
20130628,35919,25.5,1.5,0,0,1
20130629,49223,27.2,0,0,0,11
20130630,63319,27.7,0.2,0,0,110
20130701,35791,27.1,0,0,0,100
20130702,26633,24.3,51.5,0,0,0
20130703,27229,25.2,0,0,0,0
20130704,28912,24.9,32.5,0,0,0
20130705,32568,25.6,1,0,0,1
20130706,48342,25.2,0,0,0,11
20130707,60118,24.9,3,0,0,110
20130708,30260,24.3,68,0,0,100
20130709,27905,24.5,6.5,0,0,0
20130710,29203,25.3,1,0,0,0
20130711,30253,24.6,14,0,0,0
20130712,34010,23.6,74,0,0,1
20130713,41805,24.2,165,0,0,11
20130714,51322,24.1,23,0,0,110
20130715,27969,26.5,3.5,0,0,100
20130716,27012,26.9,1.5,0,0,0
20130717,26358,24.2,18.5,0,0,0
20130718,28309,25.1,26.5,0,0,0
20130719,35624,26.8,0,0,0,1
20130720,47562,27,1,0,0,11
20130721,61328,26.8,0.5,0,0,110
20130722,31644,26.4,84.5,0,0,100
20130723,30283,25.7,56.5,0,0,0
20130724,31047,24.7,11.5,0,0,0
20130725,35814,26,0,0,0,0
20130726,43026,26.5,0,0,0,1
20130727,54910,26.2,0.2,0,0,11
20130728,63266,25.3,11,0,0,110
20130729,53756,26.5,3.5,0,0,100
20130730,55052,26.3,9.5,0,0,0
20130731,54714,26.4,8.5,0,0,0
20130801,53900,28,0,0,0,0
20130802,64883,27.4,7.5,0,0,1
20130803,68461,28.9,0.1,0,0,11
20130804,82465,28.3,4.5,0,0,110
20130805,69115,27.7,7,0,0,100
20130806,54390,26.4,45,0,0,0
20130807,52105,28.7,0,0,0,0
20130808,47582,29.3,0,0,0,0
20130809,52092,29.2,0,0,0,1
20130810,60777,28,2,0,0,11
20130811,66592,28.7,0,0,0,110
20130812,58925,29.3,0,0,0,100
20130813,51492,29,0,0,0,0
20130814,53192,28.6,0,0,0,1
20130815,60245,28.7,0,0,0,01S
20130816,58191,28.7,4.5,0,0,101
20130817,65108,28.7,0,0,0,11
20130818,74548,28.3,13,0,0,110
20130819,45051,28.2,6,0,0,100
20130820,40319,27.4,0,0,0,0
20130821,38625,28.8,0,0,0,0
20130822,36609,29.3,0,0,0,0
20130823,39225,25.7,35,0,0,1
20130824,53212,26.6,0,0,0,11
20130825,64885,27.1,0,0,0,110
20130826,42060,27,0,0,0,100
20130827,36974,25.6,0,0,0,0
20130828,35761,26.4,0,0,0,0
20130829,32128,25.5,21.5,0,0,0
20130830,37226,25.1,0,0,0,1
20130831,53667,24,2.5,0,0,11
20130901,60437,23.5,0,0,0,110
20130902,35228,22.4,0,0,0,100
20130903,30728,21.7,0,0,0,0
20130904,30662,22,0,0,0,0
20130905,32318,21.2,0,0,0,0
20130906,35832,20.8,0,0,0,1
20130907,49608,21.9,0,0,0,11
20130908,58874,22.9,0,0,0,110
20130909,33519,23,0,0,0,100
20130910,30244,22,11.5,0,0,0
20130911,27583,20.1,36.5,0,0,0
20130912,31105,23,0.5,0,0,0
20130913,30137,22.9,50,0,0,1
20130914,34444,23.1,11.5,0,0,11
20130915,48928,23.4,0,0,0,110
20130916,32063,20.9,0,0,0,100
20130917,31399,22.6,0,0,0,1
20130918,27138,24.4,0,0,0,A-1
20130919,54334,24.7,0,0,0,A0
20130920,67986,23.4,0,0,0,A+1
20130921,72956,23.8,0,0,0,A+2
20130922,57102,23.1,0,0,0,A
20130923,30521,23.8,0,0,0,A
20130924,26378,22,4.5,0,0,0
20130925,27917,19.5,0,0,0,0
20130926,31045,17.3,0,0,0,0
20130927,35940,17.9,0,0,0,1
20130928,48241,17.4,4,0,0,11
20130929,53828,17.2,19,0,0,110
20130930,29152,20.7,1,0,0,100
20131001,28703,21.6,0,0,0,0
20131002,33084,19.4,0,0,0,1
20131003,50087,16.3,0,0,0,01S
20131004,43409,17.4,0,0,0,101
20131005,57652,20,0,0,0,11
20131006,62074,20.8,0,0,0,110
20131007,33256,22.8,0,0,0,100
20131008,29715,20,3,0,0,1
20131009,40911,20.5,0,0,0,10
20131010,32642,21.1,0,0,0,100
20131011,36342,18.1,6.5,0,0,1
20131012,53022,16.4,0,0,0,11
20131013,63122,17.3,0,0,0,110
20131014,35960,18.3,0,0,0,100
20131015,30329,12,3.5,0,0,0
20131016,31279,11.2,0,0,0,0
20131017,34279,12.4,0,0,0,0
20131018,39959,13.6,0,0,0,1
20131019,56664,14.6,0,0,0,11
20131020,64223,16.7,0,0,0,110
20131021,37866,16.2,0,0,0,100
20131022,34845,15.9,0,0,0,0
20131023,33480,16.2,0,0,0,0
20131024,34765,13.1,0,0,0,0
20131025,38513,9.3,0,0,0,1
20131026,54056,10,0,0,0,11
20131027,62270,11.4,0,0,0,110
20131028,36359,11.6,0,0,0,100
20131029,32370,12.7,0.5,0,0,0
20131030,31382,10.5,0,0,0,0
20131031,31667,11.7,0,0,0,0
20131101,36668,14.8,0,0,0,1
20131102,50562,11.6,7.5,0,0,11
20131103,61166,11.9,0,0,0,110
20131104,32171,12.6,0,0,0,100
20131105,30447,12.3,0,0,0,0
20131106,29903,12.2,1,0,0,0
20131107,31521,12.2,0.1,0,0,0
20131108,36368,9,0,0,0,1
20131109,49071,11.6,5.5,0,0,11
20131110,58700,5.5,0,0,0,110
20131111,33819,2.6,0,0,0,100
20131112,30031,3.4,0,0,0,0
20131113,30023,4.8,0,0,0,0
20131114,30192,6.7,1,0,0,0
20131115,37081,8.2,2,0,0,1
20131116,49434,7,2,0,0,11
20131117,57593,5.2,1,0,0,110
20131118,31103,1.1,0,0,0,100
20131119,28196,1.1,0,0,0,0
20131120,27473,1.5,0,0,0,0
20131121,28719,2.6,0,0,0,0
20131122,34637,4.6,0,0,0,1
20131123,47841,7.1,0,0,0,11
20131124,56331,7.3,14,0,0,110
20131125,29110,4.7,9.5,0,0,100
20131126,27254,2.1,1.5,0,0,0
20131127,22554,0,1.7,0,0,0
20131128,24237,-3.8,0,0,0,0
20131129,30704,-0.7,0,0,0,1
20131130,43691,5.3,0,0,0,11
20131201,54401,4.5,0,0,0,110
20131202,28205,3.9,0,0,0,100
20131203,26336,6.7,0,0,0,0
20131204,26166,5.5,0,0,0,0
20131205,27446,5.5,0,0,0,0
20131206,32221,3,0,0,0,1
20131207,45378,6.2,0.1,0,0,11
20131208,55138,4.2,0,0,0,110
20131209,27332,3.8,14,0,0,100
20131210,25467,0.3,0,0,0,0
20131211,22206,-1.7,2.6,3.3,3.3,0
20131212,22284,-3.2,4.1,4.4,5.8,0
20131213,27762,-6.8,0,0,5.4,1
20131214,39796,-4.9,1.1,0.8,5.6,11
20131215,51061,-4.4,0,0,5.3,110
20131216,28417,-3.6,0,0,4.1,100
20131217,27083,-0.3,0,0,4,0
20131218,25511,2.2,0.8,1.9,3.4,0
20131219,25401,-3.5,0.3,0.9,2.6,0
20131220,30389,-4,0,0,0.7,1
20131221,40780,-3.1,0,0,0,11
20131222,52596,-2.1,0,0,0,110
20131223,30627,-1.1,0,0,0,100
20131224,31318,-1.6,0,0,0,1
20131225,40847,-0.5,0,0,0,10
20131226,31368,-0.5,1.6,1.7,1.7,100
20131227,33374,-6.8,0,0,0.5,1
20131228,41346,-6.5,0,0,0.4,11
20131229,55073,-2.9,0.1,0.1,0.3,110
20131230,36611,2.2,0,0,0.1,100
20131231,36540,3.8,0,0,0,1
20140101,65460,4,0,0,0,10
20140102,40431,1.5,0,0,0,100
20140103,36365,2.3,0,0,0,1
20140104,47429,-0.1,0,0,0,11
20140105,58658,-0.8,0,0,0,110
20140106,30684,0.8,0,0,0,100
20140107,30486,3,0,0,0,0
20140108,26546,0.5,0,0,0,0
20140109,26086,-7.8,0,0,0,0
20140110,31496,-4.7,0,0,0,1
20140111,49314,-1.7,0,0,0,11
20140112,62750,-2.4,0,0,0,110
20140113,32647,-6.2,0,0,0,100
20140114,28723,-4.3,0,0,0,0
20140115,26853,-2.9,0,0,0,0
20140116,29400,0.1,0,0,0,0
20140117,34212,-0.1,0,0,0,1
20140118,51954,-2.2,0,0,0,11
20140119,62153,-2.6,0,0,0,110
20140120,28235,-1.5,5.3,5.3,5.3,100
20140121,24883,-5.5,0.7,0.8,6.1,0
20140122,26683,-3.9,0,0,4.5,0
20140123,28607,-0.8,0,0,3.8,0
20140124,32453,3,0,0,2.5,1
20140125,41150,4.2,3,0,0,11
20140126,53874,-2.1,0,0,0,110
20140127,29432,0.2,0,0,0,100
20140128,29237,1.5,0.5,0,0,0
20140129,27006,2.2,0,0,0,1
20140130,26907,4,3.5,0,0,A-1
20140131,52858,1.3,0,0,0,A0
20140201,62147,4.9,11,0,0,A+1
20140202,55320,4.9,0.5,0,0,A+2
20140203,28988,-3.5,0,0,0,A
20140204,23995,-7.4,0,0,0,A
20140205,22826,-4.8,0,0,0,0
20140206,24665,-1.3,0,0,0,0
20140207,28077,2.4,0,0,0,1
20140208,35148,0.2,4.3,5.8,5.8,11
20140209,42843,-1.6,0.2,0.2,5.8,110
20140210,22220,-0.1,0.2,0.5,4,100
20140211,22165,0.2,0,0,0,0
20140212,22938,1.2,0,0,0,0
20140213,23188,1.9,0,0,0,0
20140214,27968,2.7,0,0,0,1
20140215,41984,2.7,0,0,0,11
20140216,54874,2.8,0,0,0,110
20140217,29183,4.2,0,0,0,100
20140218,25473,2.5,0,0,0,0
20140219,26406,2.1,0,0,0,0
20140220,27927,1.2,0,0,0,0
20140221,32015,0.9,0,0,0,1
20140222,46731,2.2,0,0,0,11
20140223,60254,3.1,0,0,0,110
20140224,33503,4.1,0,0,0,100
20140225,31299,5.7,0,0,0,0
20140226,31452,8.4,0,0,0,0
20140227,31851,7.7,0,0,0,0
20140228,37818,6.7,0,0,0,1
20140301,57685,6,0,0,0,11
20140302,64216,4.5,0,0,0,110
20140303,27749,5.2,0,0,0,100
20140304,24765,6.3,0,0,0,0
20140305,24072,1.4,0,0,0,0
20140306,24574,0.3,0,0,0,0
20140307,30040,-0.6,0,0,0,1
20140308,41803,2,0,0,0,11
20140309,53252,1.4,2.2,1.9,1.9,110
20140310,26867,1.5,0,0,0,100
20140311,25571,4.5,0,0,0,0
20140312,24333,6.9,0.2,0,0,0
20140313,25488,5.2,0,0,0,0
20140314,30993,3.4,0,0,0,1
20140315,43199,6.8,0,0,0,11
20140316,55979,11.3,0,0,0,110
20140317,27469,12.6,0.5,0,0,100
20140318,25428,10.5,0.4,0,0,0
20140319,25963,9.6,0,0,0,0
20140320,26308,6.3,0.4,0,0,0
20140321,31336,5.9,0,0,0,1
20140322,44481,8.6,0,0,0,11
20140323,54946,9.6,0,0,0,110
20140324,27962,10.9,0,0,0,100
20140325,26447,14.6,0,0,0,0
20140326,26587,15.4,0,0,0,0
20140327,28460,13.5,0,0,0,0
20140328,33380,16.6,0,0,0,1
20140329,42816,15,3.5,0,0,11
20140330,53952,14.9,0,0,0,110
20140331,28122,14.5,0,0,0,100
20140401,26364,15.6,0,0,0,0
20140402,27252,15.5,0,0,0,0
20140403,27544,10.2,0.5,0,0,0
20140404,32586,6.6,0,0,0,1
20140405,44275,6.2,0,0,0,11
20140406,54477,7.4,0,0,0,110
20140407,30022,10.3,0,0,0,100
20140408,28055,11.9,0,0,0,0
20140409,28384,10.3,0,0,0,0
20140410,28856,12.5,0,0,0,0
20140411,34756,13.6,0,0,0,1
20140412,47251,14.3,0,0,0,11
20140413,56954,17.2,0,0,0,110
20140414,31054,16.3,0,0,0,100
20140415,29417,12.9,0,0,0,0
20140416,29241,14,0,0,0,0
20140417,28991,14.7,3,0,0,0
20140418,33823,15.9,0,0,0,1
20140419,44595,14,0,0,0,11
20140420,55190,14.6,0,0,0,110
20140421,30508,15.1,0,0,0,100
20140422,28629,16,0,0,0,0
20140423,28057,17.2,0,0,0,0
20140424,29407,18.6,0,0,0,0
20140425,33821,19,0,0,0,1
20140426,47022,18.7,0,0,0,11
20140427,54433,15.6,8.5,0,0,110
20140428,27853,13.6,13.5,0,0,100
20140429,27353,15,5.5,0,0,0
20140430,29626,16.1,0,0,0,0
20140501,36972,16,0,0,0,0
20140502,40710,15.7,1,0,0,1
20140503,52275,13.1,0,0,0,12
20140504,61821,12.3,0.2,0,0,111
20140505,74961,11.3,0,0,0,111
20140506,84794,13.1,0,0,0,110
20140507,31844,15.7,2,0,0,100
20140508,28208,14.5,4,0,0,0
20140509,31922,16.8,0,0,0,1
20140510,42812,20.5,0,0,0,11
20140511,51873,18.9,23,0,0,110
20140512,28629,16.4,10,0,0,100
20140513,28774,19.2,0,0,0,0
20140514,28546,19.6,0,0,0,0
20140515,30199,18.2,0.3,0,0,0
20140516,34968,19,0,0,0,1
20140517,46831,20,0,0,0,11
20140518,60362,20.3,0,0,0,110
20140519,31107,20,0,0,0,100
20140520,28781,21.5,0,0,0,0
20140521,28853,20.1,0,0,0,0
20140522,30583,20.9,0,0,0,0
20140523,35299,22,0,0,0,1
20140524,47815,21.3,0,0,0,11
20140525,56458,20.5,21,0,0,110
20140526,30425,19.4,1.5,0,0,100
20140527,29977,22.8,0,0,0,0
20140528,28939,24,0,0,0,0
20140529,30003,23.2,0,0,0,0
20140530,33877,24.8,0,0,0,1
20140531,45706,26.2,0,0,0,11
20140601,60208,24.7,0,0,0,110
20140602,30334,22.6,2,0,0,100
20140603,29054,18.7,33,0,0,1
20140604,35216,22.8,0,0,0,10
20140605,41711,22.9,0,0,0,101
20140606,57715,24.4,0,0,0,12
20140607,70392,23.5,0,0,0,111
20140608,79012,21.4,0,0,0,110
20140609,33354,22.9,0,0,0,100
20140610,29976,23.6,5.5,0,0,0
20140611,29074,20.5,19,0,0,0
20140612,30514,21.2,0.1,0,0,0
20140613,35083,21.3,0,0,0,1
20140614,48143,22.5,0,0,0,11
20140615,63330,23.2,0,0,0,110
20140616,33006,23.9,0,0,0,100
20140617,31290,24.5,3.5,0,0,0
20140618,29958,24.4,0.1,0,0,0
20140619,31847,22.5,0,0,0,0
20140620,38343,24.2,1.5,0,0,1
20140621,49660,23.1,8.5,0,0,11
20140622,60386,23.7,0.4,0,0,110
20140623,32235,21,24.5,0,0,100
20140624,30596,22.9,0,0,0,0
20140625,30891,23.8,0,0,0,0
20140626,32602,24.4,0,0,0,0
20140627,37618,24.1,0,0,0,1
20140628,48932,23.8,0,0,0,11
20140629,64399,24.1,0,0,0,110
20140630,34168,25.3,0,0,0,100
20140701,30040,26,0,0,0,0
20140702,30599,25.7,20.5,0,0,0
20140703,30579,22.6,2,0,0,0
20140704,36034,26.8,0,0,0,1
20140705,50932,25.7,0,0,0,11
20140706,65588,25.7,0,0,0,110
20140707,34758,27.1,0,0,0,100
20140708,31946,25.9,0.2,0,0,0
20140709,30848,27.6,0.5,0,0,0
20140710,31120,28.9,0,0,0,0
20140711,38369,27.1,0,0,0,1
20140712,53508,25.3,0,0,0,11
20140713,67319,25.4,0,0,0,110
20140714,38348,26.4,0,0,0,100
20140715,34160,26.8,0,0,0,0
20140716,33732,26.6,0,0,0,0
20140717,35435,25.9,0.2,0,0,0
20140718,37625,26.1,1.5,0,0,1
20140719,50298,27,0,0,0,11
20140720,64814,27.9,0,0,0,110
20140721,38741,27.3,0,0,0,100
20140722,36901,25.9,16.5,0,0,0
20140723,31396,23.6,55,0,0,0
20140724,33755,21.9,48,0,0,0
20140725,38132,27.5,59.5,0,0,1
20140726,45480,22.6,2.5,0,0,11
20140727,65267,25,0,0,0,110
20140728,51128,26.6,0,0,0,100
20140729,49789,26.5,0,0,0,0
20140730,51065,28.6,0,0,0,0
20140731,50544,28.6,1.5,0,0,0
20140801,60979,30.2,0,0,0,1
20140802,69885,31.4,0,0,0,11
20140803,78734,26.5,13,0,0,110
20140804,71365,26.4,6.5,0,0,100
20140805,63536,26.6,0,0,0,0
20140806,57863,24.4,10.5,0,0,0
20140807,50820,24.7,0.2,0,0,0
20140808,56059,26.1,0,0,0,1
20140809,61976,26.5,0,0,0,11
20140810,61838,23.4,42.5,0,0,110
20140811,48953,23.7,0,0,0,100
20140812,51719,25.8,0,0,0,0
20140813,50649,24.2,0,0,0,0
20140814,51280,22.3,0.5,0,0,1
20140815,59401,24.9,0,0,0,12
20140816,68063,26.1,0,0,0,111
20140817,84290,24,3,0,0,110
20140818,44842,22.3,11.5,0,0,100
20140819,39727,22.3,4.5,0,0,0
20140820,39259,24.8,0.5,0,0,0
20140821,34083,23.1,46.5,0,0,0
20140822,40426,24.7,15,0,0,1
20140823,55509,25.2,0.5,0,0,11
20140824,64806,25.6,0.1,0,0,110
20140825,39625,25.9,0,0,0,100
20140826,35826,25.4,11.5,0,0,0
20140827,35578,24.6,0,0,0,0
20140828,35957,25.1,0,0,0,0
20140829,40952,25.2,6.5,0,0,1
20140830,54366,24.6,0,0,0,11
20140831,64613,24.1,0,0,0,110
20140901,35206,24.1,1.5,0,0,100
20140902,32199,23.1,6,0,0,0
20140903,26636,19.1,57.5,0,0,0
20140904,30045,22.4,0,0,0,0
20140905,33163,23.8,0,0,0,1
20140906,28484,25.2,0,0,0,A-2
20140907,34690,25.3,0,0,0,A-1
20140908,60119,24.8,0,0,0,A0
20140909,46541,23.3,0,0,0,A+1
20140910,68365,22.4,0,0,0,A+2
20140911,32740,23.3,0,0,0,A
20140912,33971,21.3,0.1,0,0,A
20140913,47082,23.1,0,0,0,11
20140914,59895,23,0,0,0,110
20140915,32574,23.1,0,0,0,100
20140916,32512,21.3,0,0,0,0
20140917,32116,20.2,0,0,0,0
20140918,32528,20.6,0,0,0,0
20140919,37352,21.4,0,0,0,1
20140920,53335,21.6,0,0,0,11
20140921,62991,20.2,0,0,0,110
20140922,34194,21.4,0,0,0,100
20140923,33073,23,0,0,0,0
20140924,26938,20.3,6.5,0,0,0
20140925,32338,22.2,0,0,0,0
20140926,38684,21,0,0,0,1
20140927,54311,21.4,0,0,0,11
20140928,64106,21.7,0.5,0,0,110
20140929,32032,19.4,16,0,0,100
20140930,17700,18.9,0,0,0,0
20141001,31303,19.2,0,0,0,0
20141002,36998,18.1,9,0,0,1
20141003,54179,16.1,0,0,0,12
20141004,67036,16.9,0,0,0,111
20141005,72752,17.1,0,0,0,110
20141006,35228,16.6,0,0,0,100
20141007,33661,16.1,0,0,0,0
20141008,24482,16.7,0,0,0,1
20141009,51703,18.6,0,0,0,01S
20141010,47265,19,0,0,0,101
20141011,60010,19.4,0,0,0,11
20141012,66476,21.2,0,0,0,110
20141013,35721,17.4,0,0,0,100
20141014,34441,13.8,0,0,0,0
20141015,35406,13.8,0,0,0,0
20141016,35460,13.2,2.5,0,0,0
20141017,41848,13.6,0,0,0,1
20141018,58516,15.5,0,0,0,11
20141019,68095,17,0,0,0,110
20141020,35147,14.4,21.5,0,0,100
20141021,28436,13.8,18.5,0,0,0
20141022,32545,13.6,0,0,0,0
20141023,36318,13.8,0,0,0,0
20141024,40329,15.1,0,0,0,1
20141025,55235,16.5,0,0,0,11
20141026,63821,16,0.5,0,0,110
20141027,37588,10.7,0,0,0,100
20141028,33864,10.2,0,0,0,0
20141029,19263,12.1,0,0,0,0
20141030,34379,14.2,0,0,0,0
20141031,21190,15,0.2,0,0,1
20141101,49390,17.3,0,0,0,11
20141102,60320,12,2.5,0,0,110
20141103,33504,9.3,0,0,0,100
20141104,32001,11.3,0,0,0,0
20141105,30877,12.4,0,0,0,0
20141106,32343,13.5,0.5,0,0,0
20141107,37232,9.8,0,0,0,1
20141108,50552,9.9,0,0,0,11
20141109,60378,10,0,0,0,110
20141110,35115,9.4,0,0,0,100
20141111,31683,9.4,2,0,0,0
20141112,29901,6,5,0,0,0
20141113,31274,-0.2,0,0,0,0
20141114,36343,4.2,0,0,0,1
20141115,49896,4.1,0,0,0,11
20141116,60252,6.6,1,0,0,110
20141117,32668,6.2,1.5,0,0,100
20141118,30105,5,0,0,0,0
20141119,29252,5.6,0,0,0,0
20141120,31604,7.9,0,0,0,0
20141121,37755,11.3,0,0,0,1
20141122,48519,11,4,0,0,11
20141123,57823,9,0,0,0,110
20141124,22548,9.8,0,0,0,100
20141125,28859,10.2,0,0,0,0
20141126,28681,11,0,0,0,0
20141127,31165,10.4,0,0,0,0
20141128,19328,8.8,18,0,0,1
20141129,25467,8.3,0,0,0,11
20141130,28849,9.1,7,0,0,110
20141201,28187,-1.1,0.5,0.3,0.3,100
20141202,25257,-5.4,0,0,0,0
20141203,24067,-3.3,0.9,1.7,1.7,0
20141204,26141,-4.6,0,0,0,0
20141205,31625,-6.6,0,0,0,1
20141206,43275,-5.6,0,0,0,11
20141207,54599,-3.4,0,0,0,110
20141208,26653,-1.6,0,0,0,100
20141209,27209,-2.4,0,0,0,0
20141210,26332,1.6,2,0,0,0
20141211,26523,-1.5,0.5,0,0,0
20141212,32204,-3.8,0.1,0.2,0.2,1
20141213,43668,-5.2,0,0,0.2,11
20141214,54894,-3.6,0,0,0,110
20141215,28038,-0.1,10.5,3.5,3.5,100
20141216,23809,-4.9,0,0,2.7,0
20141217,24649,-9,0,0,2,0
20141218,26943,-8.3,0,0,1.8,0
20141219,33262,-3.8,0.9,1,2.2,1
20141220,39710,-1.7,2,0.7,2.9,11
20141221,52303,-6.4,0,0,1.8,110
20141222,27827,-4.7,0.3,0.6,2.1,100
20141223,29126,-1.3,0,0,1.1,0
20141224,31589,1.7,0.2,0,0.5,1
20141225,38287,-2.6,0,0,0,01S
20141226,38496,-3.2,0,0,0,101
20141227,49471,-1.8,0,0,0,11
20141228,59443,-0.8,0,0,0,110
20141229,36047,2.9,0,0,0,100
20141230,24315,1.9,0,0,0,0
20141231,21149,-1.9,0,0,0,1
20150101,59209,-7.7,0,0,0,01S
20150102,49392,-6,0,0,0,101
20150103,54883,-2.7,0,0,0,11
20150104,61878,2.5,0,0,0,110
20150105,31247,3.7,0.4,0,0,100
20150106,28979,-3.2,3,0,0,0
20150107,27732,-5.5,0,0,0,0
20150108,28824,-5.1,0,0,0,0
20150109,35191,-2.1,0,0,0,1
20150110,51465,-0.3,0,0,0,11
20150111,62375,-0.4,0,0,0,110
20150112,33974,-2.7,0,0,0,100
20150113,31327,0.2,0,0,0,0
20150114,29820,2.5,0,0,0,0
20150115,30563,2.8,0,0,0,0
20150116,34740,0.8,0.3,0,0,1
20150117,51785,-4.1,0,0,0,11
20150118,63235,-1.3,4,5.1,5.1,110
20150119,33431,-0.1,0.1,0.1,4.6,100
20150120,29994,-0.9,0,0,0.5,0
20150121,29628,2.6,0,0,0,0
20150122,28412,3.1,0,0,0,0
20150123,35155,1.2,0,0,0,1
20150124,53282,3.7,0,0,0,11
20150125,59807,3,3,0,0,110
20150126,33064,3.6,0.5,0,0,100
20150127,29331,-3.6,0,0,0,0
20150128,27409,-4.1,0,0,0,0
20150129,28609,-1.1,0,0,0,0
20150130,20155,-3.3,0,0,0,1
20150131,27482,-4.5,0,0,0,11
20150201,62589,-3,0,0,0,110
20150202,29537,-0.6,0,0,0,100
20150203,27649,0.6,0,0,0,0
20150204,25287,0.4,0,0,0,0
20150205,26850,-0.1,0,0,0,0
20150206,32101,0.4,0,0,0,1
20150207,47991,1.2,0,0,0,11
20150208,58188,-9.8,0,0,0,110
20150209,18078,-5.7,0.2,0.3,0.3,100
20150210,26452,1.7,0,0,0.2,0
20150211,27961,2.7,0,0,0,0
20150212,19003,-2.2,0,0,0,0
20150213,33125,-1.6,0,0,0,1
20150214,42469,2,0,0,0,11
20150215,51624,7.9,0,0,0,110
20150216,31542,5,10.5,0,0,100
20150217,29660,1.9,0.5,0,0,1
20150218,28009,0.8,0,0,0,A-1
20150219,33400,2.2,0,0,0,A0
20150220,65254,5.2,0,0,0,A+1
20150221,62479,5.7,8,0,0,A+2
20150222,49674,3.5,2.5,0,0,A
20150223,32667,0.9,0,0,0,A
20150224,33694,2.1,0,0,0,0
20150225,33743,5.4,0.5,0,0,0
20150226,33095,1.2,0.5,0,0,0
20150227,22888,-1.3,0,0,0,1
20150228,29246,2.7,0,0,0,11
20150301,58410,2.4,0,0,0,110
20150302,28832,3.9,0,0,0,100
20150303,25486,2.8,5.5,0,0,0
20150304,25538,-2.1,0,0,0,0
20150305,26759,-0.3,0,0,0,0
20150306,32309,2.9,0,0,0,1
20150307,45143,4.2,0,0,0,11
20150308,55454,7.7,0,0,0,110
20150309,28732,2.2,0,0,0,100
20150310,25792,-3.4,0,0,0,0
20150311,25892,0.4,0,0,0,0
20150312,27700,2.1,0,0,0,0
20150313,33353,5.6,0.1,0,0,1
20150314,46441,4.3,0,0,0,11
20150315,37805,5.5,0,0,0,110
20150316,28953,9.8,0,0,0,100
20150317,28194,10.7,0,0,0,0
20150318,26334,10.7,1.5,0,0,0
20150319,28820,12.4,0,0,0,0
20150320,35281,13.4,0,0,0,1
20150321,47780,11.7,0,0,0,11
20150322,56946,8.3,0,0,0,110
20150323,29950,4.6,0,0,0,100
20150324,27706,5.4,0,0,0,0
20150325,28092,6.5,0,0,0,0
20150326,29498,7.9,0,0,0,0
20150327,35389,9.1,0,0,0,1
20150328,48010,9.7,0,0,0,11
20150329,57408,10.5,0,0,0,110
20150330,30369,13.2,0,0,0,100
20150331,16398,12.9,2.5,0,0,0
20150401,26438,12.9,2.5,0,0,0
20150402,27897,14.8,28,0,0,0
20150403,33497,10.6,3.5,0,0,1
20150404,45656,13.5,0,0,0,11
20150405,52992,10.5,0.5,0,0,110
20150406,32162,10.3,0,0,0,100
20150407,29134,8.4,0,0,0,0
20150408,29613,8.3,0,0,0,0
20150409,31119,9.6,0,0,0,0
20150410,37083,11.6,0,0,0,1
20150411,51598,13.5,0,0,0,11
20150412,60648,14.9,0,0,0,110
20150413,32757,12,6.5,0,0,100
20150414,26651,6.9,10.5,0,0,0
20150415,30018,11.1,1,0,0,0
20150416,29759,9.9,7,0,0,0
20150417,37140,10.5,0,0,0,1
20150418,52586,15.2,0,0,0,11
20150419,51129,14.5,12,0,0,110
20150420,29919,12.2,5.5,0,0,100
20150421,31313,14,0,0,0,0
20150422,31205,14.2,0,0,0,0
20150423,32482,14.5,0,0,0,0
20150424,37677,15.7,0,0,0,1
20150425,52193,15.9,0,0,0,11
20150426,61177,17.3,0,0,0,110
20150427,34918,18.5,0,0,0,100
20150428,32570,20.3,0,0,0,0
20150429,31930,17,3.5,0,0,0
20150430,19654,21.2,0,0,0,0
20150501,46471,21,0,0,0,1
20150502,65271,20.7,0.5,0,0,12
20150503,68461,18.3,3.5,0,0,110
20150504,65073,16.1,0,0,0,101
20150505,62062,14.2,0,0,0,S10
20150506,36147,15.4,0,0,0,100
20150507,33601,16.5,0,0,0,0
20150508,38762,16.7,0,0,0,1
20150509,49270,17.6,0,0,0,11
20150510,61025,19.1,0,0,0,110
20150511,34061,18.4,14,0,0,100
20150512,29828,13.3,9.5,0,0,0
20150513,31495,17.4,0,0,0,0
20150514,33827,20.4,0,0,0,0
20150515,38915,19.1,0,0,0,1
20150516,53118,18,0,0,0,11
20150517,65089,18.6,0,0,0,110
20150518,35296,17.7,0,0,0,100
20150519,31934,14.8,1,0,0,0
20150520,32376,16.3,0,0,0,0
20150521,34293,18.7,0,0,0,0
20150522,25473,20,0,0,0,1
20150523,48716,20.6,0,0,0,12
20150524,64974,21,0,0,0,111
20150525,81100,20.8,0,0,0,110
20150526,38458,21.5,0,0,0,100
20150527,31441,23.2,0,0,0,0
20150528,33338,24.3,0,0,0,0
20150529,21275,23.8,0,0,0,1
20150530,25354,19.8,0.4,0,0,11
20150531,32556,22.1,0,0,0,110
20150601,32910,21.7,0,0,0,100
20150602,30944,23.1,0,0,0,0
20150603,30605,23.3,0,0,0,0
20150604,31908,24.2,0,0,0,0
20150605,24946,19.1,1,0,0,1
20150606,49706,22.4,0,0,0,11
20150607,66238,23.4,0,0,0,110
20150608,33418,22.4,0,0,0,100
20150609,30824,22.2,0,0,0,0
20150610,31857,25.3,0,0,0,0
20150611,32673,24.6,7.5,0,0,0
20150612,37030,23.6,0.5,0,0,1
20150613,49589,24.7,0.5,0,0,11
20150614,62378,22.8,15.5,0,0,110
20150615,33428,24.2,0,0,0,100
20150616,31169,25,0,0,0,0
20150617,18128,23.4,9.5,0,0,0
20150618,32776,24.8,3,0,0,0
20150619,38586,24.5,0,0,0,1
20150620,45209,19.6,44.5,0,0,11
20150621,63209,22.4,0,0,0,110
20150622,34891,24,0,0,0,100
20150623,32145,24.7,0,0,0,0
20150624,32567,25.7,0,0,0,0
20150625,33808,24.8,2,0,0,0
20150626,36331,21,12.5,0,0,1
20150627,49438,25.2,0,0,0,11
20150628,65075,25.4,0,0,0,110
20150629,37177,25.7,0,0,0,100
20150630,17658,24.4,2.5,0,0,0
20150701,30709,23.7,0.5,0,0,0
20150702,32424,23.7,0,0,0,0
20150703,38592,23.3,0,0,0,1
20150704,53108,24.1,0,0,0,11
20150705,69171,24.2,0,0,0,110
20150706,37251,25.3,0,0,0,100
20150707,33847,25.6,0,0,0,0
20150708,31610,23.4,0.5,0,0,0
20150709,31923,26.5,0,0,0,0
20150710,39771,29.2,0,0,0,1
20150711,57486,30.4,0,0,0,11
20150712,62045,24.8,29,0,0,110
20150713,33431,23.1,10,0,0,100
20150714,33340,26.1,0,0,0,0
20150715,34838,27.9,0,0,0,0
20150716,36457,24.7,0,0,0,0
20150717,41946,23.6,0,0,0,1
20150718,53145,24.3,0.5,0,0,11
20150719,68486,25.1,5,0,0,110
20150720,39654,27.5,0,0,0,100
20150721,36514,27,11,0,0,0
20150722,36115,27.7,1,0,0,0
20150723,36479,26.9,16,0,0,0
20150724,38200,24.7,26.5,0,0,1
20150725,46936,25,80,0,0,11
20150726,66116,26,40.5,0,0,110
20150727,49606,26.2,1.5,0,0,100
20150728,49058,27.7,0,0,0,0
20150729,47500,26.7,4,0,0,0
20150730,48412,28.6,0,0,0,0
20150731,24589,27.9,0,0,0,1
20150801,65865,28.2,0,0,0,11
20150802,75453,26.5,16.5,0,0,110
20150803,83562,27.9,0,0,0,100
20150804,72965,27.5,0,0,0,0
20150805,66057,28.6,0.1,0,0,0
20150806,56452,29.3,0,0,0,0
20150807,59002,28.9,11,0,0,1
20150808,64568,26.6,7.5,0,0,11
20150809,74433,26.7,0,0,0,110
20150810,62143,27,0,0,0,100
20150811,55141,26.8,0,0,0,0
20150812,51689,27.3,0,0,0,0
20150813,49191,26.5,0,0,0,1
20150814,63312,26.9,0,0,0,12
20150815,70865,27.1,0.1,0,0,111
20150816,86351,25.8,29,0,0,110
20150817,55806,26.6,0,0,0,100
20150818,47356,27.9,0,0,0,0
20150819,43792,26.8,0,0,0,0
20150820,40890,25.4,0.4,0,0,0
20150821,43888,25.2,2.5,0,0,1
20150822,55132,25.5,0,0,0,11
20150823,69597,26.3,0,0,0,110
20150824,42814,26.3,0,0,0,100
20150825,33808,21.7,5.5,0,0,0
20150826,33657,21.9,0,0,0,0
20150827,37106,24.7,0,0,0,0
20150828,44440,23.2,0.3,0,0,1
20150829,57614,24.4,0,0,0,11
20150830,68222,24.9,0,0,0,110
20150831,22797,25.9,0,0,0,100
20150901,33963,25.9,0,0,0,0
20150902,31789,23.9,0.5,0,0,0
20150903,34185,23.9,18,0,0,0
20150904,41179,24.8,0,0,0,1
20150905,55574,21.9,5,0,0,11
20150906,64970,22.2,0,0,0,110
20150907,37519,22.6,0,0,0,100
20150908,35150,22.7,0,0,0,0
20150909,35042,22.4,0,0,0,0
20150910,35989,22.4,0,0,0,0
20150911,41645,21,2.5,0,0,1
20150912,55477,19.2,0,0,0,11
20150913,62489,20.2,0,0,0,110
20150914,38594,22.1,0,0,0,100
20150915,33977,22.8,0,0,0,0
20150916,35040,21.6,0,0,0,0
20150917,36052,21.4,0,0,0,0
20150918,41009,21.9,0,0,0,1
20150919,52593,22.3,0,0,0,11
20150920,61175,22.1,0,0,0,110
20150921,35972,22.6,0,0,0,100
20150922,34629,23.9,0,0,0,0
20150923,34254,22,0,0,0,0
20150924,36113,23.4,0,0,0,0
20150925,34104,23.4,0,0,0,1
20150926,30338,22.4,0,0,0,A-1
20150927,57954,21.9,0,0,0,A0
20150928,71219,21.4,0,0,0,A+1
20150929,75261,22.1,0,0,0,A+2
20150930,22700,21.3,0,0,0,A
20151001,27956,16.3,35,0,0,A
20151002,37301,16.5,0,0,0,1
20151003,55219,19.2,0,0,0,11
20151004,63273,16.6,0,0,0,110
20151005,34521,18,0,0,0,100
20151006,35346,18.7,0,0,0,0
20151007,35965,19.6,0,0,0,0
20151008,43305,20.1,0,0,0,1
20151009,58726,16.2,0,0,0,12
20151010,68722,12.8,3.5,0,0,111
20151011,69845,10.8,3.5,0,0,110
20151012,39518,12.3,0,0,0,100
20151013,37219,15,0,0,0,0
20151014,36699,17.1,0,0,0,0
20151015,38305,17.9,0,0,0,0
20151016,44241,17.5,0,0,0,1
20151017,58972,18.7,0,0,0,11
20151018,69232,17.9,0,0,0,110
20151019,43041,18.1,0,0,0,100
20151020,39065,18.8,0,0,0,0
20151021,38357,17.9,0,0,0,0
20151022,38899,17.5,0,0,0,0
20151023,43233,17.5,0,0,0,1
20151024,57688,16.9,10.5,0,0,11
20151025,67356,16.3,0,0,0,110
20151026,40958,15,2,0,0,100
20151027,34246,12.1,26.5,0,0,0
20151028,34912,9.9,0,0,0,0
20151029,36414,8.4,0.5,0,0,0
20151030,23014,5.4,0,0,0,1
20151031,26988,5.7,0,0,0,11
20151101,64230,7,0,0,0,110
20151102,34886,10.8,0,0,0,100
20151103,32898,11.8,0,0,0,0
20151104,32865,12.2,0,0,0,0
20151105,34448,13.2,0,0,0,0
20151106,41196,13.5,4.5,0,0,1
20151107,46915,10.5,24.5,0,0,11
20151108,54586,11.1,10.5,0,0,110
20151109,32354,10.8,3.5,0,0,100
20151110,31796,10,0,0,0,0
20151111,32590,11.6,0,0,0,0
20151112,34816,14.5,0,0,0,0
20151113,38517,11.5,22.5,0,0,1
20151114,50354,12.8,3.5,0,0,11
20151115,62736,13.4,0,0,0,110
20151116,35195,12.2,5.5,0,0,100
20151117,32615,13.9,0,0,0,0
20151118,30640,10.4,5.5,0,0,0
20151119,21507,8.9,0,0,0,0
20151120,40278,9.8,0,0,0,1
20151121,51214,9.2,0,0,0,11
20151122,58856,10.2,3.5,0,0,110
20151123,33256,8.5,6.5,0,0,100
20151124,31002,5.6,0.5,0,0,0
20151125,27123,2.4,11,0,0,0
20151126,28255,-2.7,0,0,0,0
20151127,34452,-2.8,0,0,0,1
20151128,46699,0.1,0.1,0,0,11
20151129,54150,2.5,3,0,0,110
20151130,18096,4.1,0,0,0,100
20151201,29419,4,0,0,0,0
20151202,27126,6,13.5,0,0,0
20151203,23692,-0.7,7.1,6.5,6.5,0
20151204,31524,-0.4,0,0,0,1
20151205,44152,3.4,0,0,0,11
20151206,54836,1.3,0,0,0,110
20151207,29704,1.9,0,0,0,100
20151208,28728,2.9,0,0,0,0
20151209,28411,5,0,0,0,0
20151210,29474,7.8,0.3,0,0,0
20151211,34639,6.4,0,0,0,1
20151212,47454,5.2,0,0,0,11
20151213,55995,5.2,0,0,0,110
20151214,31287,5,2.5,0,0,100
20151215,28828,4.7,0.1,0,0,0
20151216,28701,-1,0,0,0,0
20151217,29871,-4.6,0,0,0,0
20151218,36345,-3.3,0,0,0,1
20151219,48477,-0.1,0,0,0,11
20151220,59616,1.5,0,0,0,110
20151221,31517,2.2,2,0,0,100
20151222,32285,3.1,0,0,0,0
20151223,31663,5.9,0.4,0,0,0
20151224,35866,1.5,0,0,0,1
20151225,47066,-0.8,0,0.2,0.2,12
20151226,62645,0.9,0.7,0.8,1,111
20151227,61584,-5.7,0,0,0,110
20151228,37206,-5.7,0,0,0,100
20151229,21909,-3.2,0,0,0,0
20151230,36180,0.3,2.5,0,0,0
20151231,20758,0.7,0,0,0,1
20160101,67767,1.2,0,0,0,12
20160102,75144,5.7,0,0,0,111
20160103,64939,6.5,0,0,0,110
20160104,33999,2,0,0,0,100
20160105,31181,-2.7,0,0,0,0
20160106,29851,-1.7,0,0,0,0
20160107,31128,-3.4,0,0,0,0
20160108,36370,-3.3,0,0,0,1
20160109,49852,-2.1,0,0,0,11
20160110,61427,0.3,0,0,0,110
20160111,35042,-3.8,0,0,0,100
20160112,33191,-5.2,0,0,0,0
20160113,18424,-4.5,0.4,0.5,0.5,0
20160114,18135,-3.4,0,0,0.4,0
20160115,37206,-0.4,0,0,0,1
20160116,52680,-0.2,0.1,0,0,11
20160117,64567,1.7,0,0,0,110
20160118,35308,-6.3,0.2,0.4,0.4,100
20160119,30157,-12.8,0,0,0,0
20160120,29032,-10.5,0,0,0,0
20160121,30439,-7.1,0,0,0,0
20160122,36279,-7.6,0,0,0,1
20160123,47968,-11.5,0,0,0,11
20160124,53655,-14.4,0,0,0,110
20160125,30225,-9.4,0,0,0,100
20160126,28668,-3.3,0.3,0.5,0.5,0
20160127,30860,-1.1,0,0,0,0
20160128,32080,-0.5,0,0,0,0
20160129,21033,1.9,0,0,0,1
20160130,26907,0.6,0,0,0,11
20160131,30104,-3.9,0,0,0,110
20160201,29460,-6,0,0,0,100
20160202,28699,-5.3,0,0,0,0
20160203,28728,-2.4,0,0,0,0
20160204,29630,-0.7,0,0,0,0
20160205,32570,-2.2,0,0,0,1
20160206,28090,-3.1,0,0,0,A-2
20160207,34519,-2.9,0,0,0,A-1
20160208,53456,1.3,0,0,0,A0
20160209,65897,0.3,0,0,0,A+1
20160210,63323,2.7,0,0,0,A+2
20160211,33995,8.1,0.1,0,0,100
20160212,31607,8.4,18,0,0,1
20160213,36906,11,21,0,0,11
20160214,47577,-2.6,2.5,0,0,110
20160215,29818,-5.8,0,0,0,100
20160216,29038,-2.7,0.8,1.2,1.2,0
20160217,30168,0,0,0,0,0
20160218,31880,3.5,0,0,0,0
20160219,38032,2.3,0,0,0,1
20160220,50226,1.3,0,0,0,11
20160221,62226,-0.6,0,0,0,110
20160222,37000,1.1,0,0,0,100
20160223,33818,0.7,0.9,0.3,0.3,0
20160224,33755,-3,0,0,0,0
20160225,33208,-0.2,0,0,0,0
20160226,39668,2.2,0,0,0,1
20160227,52714,3.3,0.2,0,0,12
20160228,57026,0.7,4.1,5,5,110
20160229,29275,-3.8,0,0,4.3,101
20160301,52656,-2.7,0,0,0,S10
20160302,28614,3.1,0,0,0,100
20160303,28515,8.1,0,0,0,0
20160304,35082,13.2,0.1,0,0,1
20160305,37502,11.3,40,0,0,11
20160306,50720,7.9,0.2,0,0,110
20160307,29969,8.1,0,0,0,100
20160308,29671,2.7,0,0,0,0
20160309,28375,0.3,0,0,0,0
20160310,29160,-1.1,0,0,0,0
20160311,34972,-0.5,0,0,0,1
20160312,46225,2,0,0,0,11
20160313,57799,3.7,0.1,0,0,110
20160314,30085,4.7,0,0,0,100
20160315,29084,5.2,0,0,0,0
20160316,30013,7.5,0,0,0,0
20160317,30799,9.3,0,0,0,0
20160318,36070,13.4,0,0,0,1
20160319,48701,11.4,0,0,0,11
20160320,57643,10.6,0,0,0,110
20160321,31764,9.9,0,0,0,100
20160322,29907,8,0,0,0,0
20160323,29890,8.2,0,0,0,0
20160324,32064,7.2,0,0,0,0
20160325,36312,7.1,0,0,0,1
20160326,48175,6.5,0,0,0,11
20160327,58881,7.2,0,0,0,110
20160328,33217,9.8,0,0,0,100
20160329,30467,11.3,0.1,0,0,0
20160330,29818,11.5,0,0,0,0
20160331,17880,13.5,0,0,0,0
20160401,37189,15.3,0,0,0,1
20160402,50159,15,0,0,0,11
20160403,56709,10.7,2,0,0,110
20160404,33891,12.3,0,0,0,100
20160405,32632,11.4,0,0,0,0
20160406,32395,14.4,3,0,0,0
20160407,31377,14.1,7.5,0,0,0
20160408,38989,11.1,0,0,0,1
20160409,50238,10.7,0,0,0,11
20160410,60077,13.4,0,0,0,110
20160411,35508,12.5,0,0,0,100
20160412,36826,14.1,0,0,0,1
20160413,38458,15.6,1,0,0,10
20160414,33878,12.4,0,0,0,100
20160415,38917,15,0,0,0,1
20160416,48062,14.9,23.5,0,0,11
20160417,57301,10.8,20.5,0,0,110
20160418,35038,11.2,1.5,0,0,100
20160419,33758,12,0,0,0,0
20160420,32739,14.3,0.5,0,0,0
20160421,31928,13.5,17,0,0,0
20160422,40880,13.5,0,0,0,1
20160423,52151,13.5,0,0,0,11
20160424,61422,15.5,0,0,0,110
20160425,35378,17.2,0,0,0,100
20160426,34297,21.1,0,0,0,0
20160427,34033,17.2,0,0,0,0
20160428,34248,17.2,0,0,0,0
20160429,21800,16.2,0.3,0,0,1
20160430,26316,15.9,0,0,0,11
20160501,62232,18.8,0,0,0,110
20160502,37164,21.1,16.5,0,0,100
20160503,29146,12.9,27,0,0,0
20160504,40689,15.7,0,0,0,1
20160505,49162,18.9,7.5,0,0,12
20160506,64826,16.3,9.5,0,0,111
20160507,74659,16.5,0,0,0,111
20160508,73145,19.4,0,0,0,110
20160509,38631,20.2,0,0,0,100
20160510,31975,14.5,13.5,0,0,0
20160511,33880,16.4,0,0,0,0
20160512,36570,17.8,0,0,0,0
20160513,41280,18.6,0.5,0,0,1
20160514,53955,20.2,0,0,0,11
20160515,59908,17.4,45,0,0,110
20160516,37181,15.9,2.5,0,0,100
20160517,34437,19.3,0,0,0,0
20160518,35039,22.3,0,0,0,0
20160519,35943,24.3,0,0,0,0
20160520,41476,24,0,0,0,1
20160521,54565,24.1,0,0,0,11
20160522,61023,24.7,0,0,0,110
20160523,39639,23.3,0,0,0,100
20160524,30758,16.8,38.5,0,0,0
20160525,34330,19.7,0,0,0,0
20160526,35505,19.4,0,0,0,0
20160527,41639,20.9,0,0,0,1
20160528,53617,21.7,0,0,0,11
20160529,63152,21.5,0,0,0,110
20160530,38822,22.1,0,0,0,100
20160531,18609,21.6,0,0,0,0
20160601,33100,23.3,0,0,0,0
20160602,35319,23.2,0,0,0,0
20160603,41481,22.2,0,0,0,1
20160604,50889,21.2,0,0,0,12
20160605,62093,24.7,0,0,0,111
20160606,83316,23.3,0,0,0,110
20160607,42633,21.7,0.1,0,0,100
20160608,34053,22.1,0,0,0,0
20160609,35481,24.1,0,0,0,0
20160610,40539,24.6,0,0,0,1
20160611,52404,23.5,3,0,0,11
20160612,62876,23.5,1.5,0,0,110
20160613,37791,23.5,0,0,0,100
20160614,35519,23.8,0,0,0,0
20160615,31985,20.9,15.5,0,0,0
20160616,34619,20.9,0,0,0,0
20160617,42365,23.8,0,0,0,1
20160618,55986,24.5,0,0,0,11
20160619,64180,24.1,0,0,0,110
20160620,41146,24.7,0,0,0,100
20160621,36510,26,0,0,0,0
20160622,34108,24.3,30.5,0,0,0
20160623,37256,24.7,0.1,0,0,0
20160624,41245,23.1,3.5,0,0,1
20160625,52635,22.8,0,0,0,11
20160626,68035,24.4,0,0,0,110
20160627,41665,24.4,0,0,0,100
20160628,37363,24.7,0,0,0,0
20160629,35912,25.3,0,0,0,0
20160630,19427,24.6,0.2,0,0,0
20160701,39483,24,108.5,0,0,1
20160702,48408,23.5,4,0,0,11
20160703,63124,23.5,0,0,0,110
20160704,34276,21.8,29.5,0,0,100
20160705,26981,23.1,100.5,0,0,0
20160706,29740,22.9,0,0,0,0
20160707,33405,24,0,0,0,0
20160708,42105,27.3,0,0,0,1
20160709,53967,27.7,0,0,0,11
20160710,71079,27.9,0,0,0,110
20160711,44114,28.4,0,0,0,100
20160712,35142,26.3,3,0,0,0
20160713,36440,26.3,0,0,0,0
20160714,39202,27.5,0.1,0,0,0
20160715,45578,26.2,1.5,0,0,1
20160716,47083,20.8,46.5,0,0,11
20160717,64005,21.7,2.5,0,0,110
20160718,41646,24.4,0.2,0,0,100
20160719,40409,27.1,0,0,0,0
20160720,38972,28.6,0,0,0,0
20160721,38947,28.3,0,0,0,0
20160722,45642,29.1,0,0,0,1
20160723,52423,28.7,0.5,0,0,11
20160724,67938,28,0.5,0,0,110
20160725,49612,28.4,0,0,0,100
20160726,48345,28.4,0,0,0,0
20160727,46678,27.6,0.5,0,0,0
20160728,47334,28,0.2,0,0,0
20160729,52146,26.3,59.5,0,0,1
20160730,58457,28.6,0.5,0,0,11
20160731,72730,28.9,0.2,0,0,110
20160801,78821,28.4,0,0,0,100
20160802,73757,27.2,2,0,0,0
20160803,69451,29.1,0,0,0,0
20160804,57896,30.7,0,0,0,0
20160805,60742,31.2,0,0,0,1
20160806,67384,30.5,0,0,0,11
20160807,76312,30.6,0,0,0,110
20160808,60693,30.5,0,0,0,100
20160809,55037,29.3,1,0,0,0
20160810,51632,29.4,0,0,0,0
20160811,49554,30.5,0,0,0,0
20160812,54470,30.4,0,0,0,1
20160813,63029,30.2,0,0,0,12
20160814,70616,28.9,0.2,0,0,111
20160815,98610,29.1,0,0,0,110
20160816,62672,29.3,0.5,0,0,100
20160817,48537,29.9,0,0,0,0
20160818,46058,29.9,0,0,0,0
20160819,49019,28.9,11.5,0,0,1
20160820,56379,30.1,0,0,0,11
20160821,70461,30.7,0,0,0,110
20160822,46604,30.7,0.4,0,0,100
20160823,42621,28.3,8,0,0,0
20160824,40024,29.1,0,0,0,0
20160825,40041,27.1,4.5,0,0,0
20160826,45422,23,20,0,0,1
20160827,57114,23.4,0,0,0,11
20160828,62281,21,1.5,0,0,110
20160829,44092,22.2,0,0,0,100
20160830,39655,20.6,0,0,0,0
20160831,17189,17.7,17.5,0,0,0
20160901,34126,23.2,0,0,0,0
20160902,40826,24.2,4.5,0,0,1
20160903,50512,23.9,0.5,0,0,11
20160904,62287,25.6,0,0,0,110
20160905,39115,26.4,0,0,0,100
20160906,36561,24.7,0,0,0,0
20160907,36988,24.3,0,0,0,0
20160908,37107,23,4.5,0,0,0
20160909,40363,23.9,0,0,0,1
20160910,46836,24.4,0,0,0,11
20160911,55768,24.5,0,0,0,110
20160912,39424,23.4,2.5,0,0,100
20160913,36976,24.6,0,0,0,1
20160914,32015,24.6,0,0,0,A-1
20160915,60578,23.9,0,0,0,A0
20160916,72619,24.6,0,0,0,A+1
20160917,75107,23.1,7,0,0,A+2
20160918,57479,23.5,0,0,0,A
20160919,33973,21.9,0,0,0,100
20160920,0,0,0,0,0,0
20160921,33016,20.2,0,0,0,0
20160922,35847,21.9,0,0,0,0
20160923,0,21.4,0,0,0,1
20160924,53748,22.3,0,0,0,11
20160925,62595,23,0,0,0,110
20160926,37845,23.6,0,0,0,100
20160927,0,21,13.5,0,0,0
20160928,0,19.9,0.5,0,0,0
20160929,0,20.4,0,0,0,0
20160930,0,20.5,0,0,0,1
20161001,0,21.1,0,0,0,12
20161002,0,19,18.5,0,0,111
20161003,0,22.7,6.5,0,0,110
20161004,0,22,0,0,0,100
20161005,0,21.1,0,0,0,0
20161006,0,18,0,0,0,0
20161007,0,19.7,2,0,0,1
20161008,0,16.8,6,0,0,11
20161009,0,11.3,0,0,0,110
20161010,0,14,0,0,0,100
20161011,0,15.4,0,0,0,0
20161012,0,15.5,0,0,0,0
20161013,0,15.2,0,0,0,0
20161014,0,16.7,0,0,0,1
20161015,0,19.1,0,0,0,11
20161016,0,17.2,1.5,0,0,110
20161017,0,17.5,0,0,0,100
20161018,0,17,0,0,0,0
20161019,20411,18,0,0,0,0
20161020,20679,18.6,0,0,0,0
20161021,22953,17.9,0,0,0,1
20161022,58298,18.3,0,0,0,11
20161023,66030,13.3,2.5,0,0,110
20161024,40946,15.1,0,0,0,100
20161025,32834,14.1,37,0,0,0
20161026,35659,13.3,0,0,0,0
20161027,37981,14.6,0,0,0,0
20161028,43646,14.6,0.3,0,0,1
20161029,55055,7.8,0,0,0,11
20161030,66755,7.9,0,0,0,110
20161031,36842,5.7,0.5,0,0,100
20161101,30833,1.5,0,0,0,0
20161102,32356,4.1,0.1,0,0,0
20161103,34944,9.1,0.2,0,0,0
20161104,41316,12.3,0,0,0,1
20161105,54500,15,0,0,0,11
20161106,64512,14,0,0,0,110
20161107,37362,12.8,5.5,0,0,100
20161108,32701,4.1,0.5,0,0,0
20161109,17052,2.1,0,0,0,0
20161110,34172,6,0.4,0,0,0
20161111,33981,9.1,4,0,0,1
20161112,44515,11.4,0,0,0,11
20161113,54952,14.4,0.5,0,0,110
20161114,31715,13.2,1.5,0,0,100
20161115,27668,5.2,0,0,0,0
20161116,27192,5.2,0,0,0,0
20161117,0,9.1,0,0,0,0
20161118,32877,10.3,0,0,0,1
20161119,42824,13,0,0,0,11
20161120,53837,9.8,0,0,0,110
20161121,30515,9.5,0,0,0,100
20161122,26598,2,0.2,0,0,0
20161123,25326,-1.8,0,0,0,0
20161124,26754,-2.5,0,0,0,0
20161125,30647,1,0,0,0,1
20161126,37252,0.9,2.8,0.8,0.8,11
20161127,50112,3.3,0,0,0,110
20161128,28773,1.4,0,0,0,100
20161129,25632,1.7,0,0,0,0
20161130,25090,6,1,0,0,0
20161201,24626,4.1,0,0,0,0
20161202,28950,1.6,0,0,0,1
20161203,40310,4.5,0,0,0,11
20161204,50907,5.5,0,0,0,110
20161205,27510,5.9,1.5,0,0,100
20161206,25071,-1.1,0,0,0,0
20161207,24200,1.7,0,0,0,0
20161208,25313,2.1,3,0,0,0
20161209,29446,1.4,3,0,0,1
20161210,39894,-1.6,0,0,0,11
20161211,50614,-1.1,0,0,0,110
20161212,26942,2.3,0,0,0,100
20161213,26103,3.4,0,0,0,0
20161214,22085,-1.4,0.1,0,0,0
20161215,23430,-5,0,0,0,0
20161216,29381,-4.7,0,0,0,1
20161217,39019,2.7,0,0,0,11
20161218,50629,4.9,0,0,0,110
20161219,27585,7.2,0.1,0,0,100
20161220,26649,7.6,0,0,0,0
20161221,26290,7.9,29,0,0,0
20161222,23895,5.5,23.5,0,0,0
20161223,27716,-2.5,0.1,0,0,1
20161224,36389,-2.4,0,0,0,11
20161225,53096,1,0,0,0,110
20161226,31006,2.5,0,0,0,100
20161227,25818,-2.3,0.5,0.5,0.5,0
20161228,26327,-3.7,0,0,0,0
20161229,28298,-4.2,0.3,1,1,0
20161230,34901,-3.9,0,0,0,1
20161231,40011,0.7,0,0,0,11
20170101,65529,2.7,0,0,0,110
20170102,38172,5,0.3,0,0,100
20170103,26487,2,0,0,0,0
20170104,25207,3.9,0,0,0,0
20170105,25655,3.8,0,0,0,0
20170106,30968,5.4,0,0,0,1
20170107,44568,4.6,0,0,0,11
20170108,54690,6.5,0,0,0,110
20170109,28803,1.5,0,0,0,100
20170110,26548,-3.7,0,0,0,0
20170111,26271,-3.8,0,0,0,0
20170112,25943,-2.2,0,0.1,0.1,0
20170113,28750,-6,0.6,1.5,1.5,1
20170114,41883,-8.4,0,0,0,11
20170115,50072,-6.6,0,0,0,110
20170116,29566,-3.8,0,0,0,100
20170117,26918,-2,0,0,0,0
20170118,27108,-0.5,0,0,0,0
20170119,28435,-1.2,0,0,0,0
20170120,22772,-4.4,4,6.6,6.6,1
20170121,35786,-5.2,2.1,3.2,5.7,11
20170122,41372,-8.3,0,0,5.7,110
20170123,26520,-8.9,0,0,3.5,100
20170124,25175,-7,0,0,2.3,0
20170125,27130,-5.2,0,0,1.9,0
20170126,27279,-1.3,0.3,0,1.5,1
20170127,23887,-2.6,3,0,0.9,A-1
20170128,53448,-1.6,0,0,0,A0
20170129,55773,0.8,4.5,2.1,2.1,A+1
20170130,47678,-4.8,0.1,0.1,2.2,A+2
20170131,28669,-5.4,0,0,1.5,A
20170201,21542,-4,0,0,0.8,0
20170202,22216,-2.7,0,0,0,0
20170203,26703,1.5,0,0,0,1
20170204,39159,0.9,0,0,0,11
20170205,41891,1.2,0.5,0,0,110
20170206,24489,-1.7,0,0,0,100
20170207,23332,-2,0,0,0,0
20170208,23856,-2.2,0,0,0,0
20170209,23769,-5.3,0,0,0,0
20170210,27925,-6.6,0,0,0,1
20170211,39353,-4.8,0,0,0,11
20170212,53277,-2.2,0,0,0,110
20170213,28538,0.1,0,0,0,100
20170214,25891,0.3,0,0,0,0
20170215,26697,1.8,0,0,0,0
20170216,27029,5.5,0,0,0,0
20170217,31182,0.8,4,0,0,1
20170218,44681,-2.6,0,0,0,11
20170219,53776,2.3,1,0,0,110
20170220,30268,-1.5,0.5,0,0,100
20170221,27715,-0.6,0,0,0,0
20170222,26039,1.7,5.1,0,0,0
20170223,25958,-1.5,0,0,0,0
20170224,32536,-0.8,0,0,0,1
20170225,46762,2.6,0,0,0,11
20170226,55197,3.6,0,0,0,110
20170227,35362,3.7,0,0,0,100
20170228,0,5.6,0,0,0,1
20170301,42778,5,5,0,0,10
20170302,23182,1.8,0.5,0,0,100
20170303,27057,3.3,0,0,0,1
20170304,38063,5.7,0,0,0,11
20170305,49079,5.2,0.5,0,0,110
20170306,24634,0.1,0,0,0,100
20170307,22813,-1.3,0,0,0,0
20170308,23106,-0.1,0,0,0,0
20170309,23782,3.2,0,0,0,0
20170310,27178,4.8,0,0,0,1
20170311,38645,7.3,0,0,0,11
20170312,50016,8.2,0,0,0,110
20170313,25673,6.9,0,0,0,100
20170314,23359,5.8,0,0,0,0
20170315,24366,6.3,0,0,0,0
20170316,25048,6.2,0,0,0,0
20170317,29222,7.7,0,0,0,1
20170318,40355,9.5,0,0,0,11
20170319,50378,10.9,0,0,0,110
20170320,26478,10.2,0,0,0,100
20170321,23965,7.4,0,0,0,0
20170322,0,7.6,0,0,0,0
20170323,0,9.1,0,0,0,0
20170324,0,8.7,0,0,0,1
20170325,0,8.1,0,0,0,11
20170326,0,7.3,0,0,0,110
20170327,0,6.1,0.4,0,0,100
20170328,0,7.1,0,0,0,0
20170329,0,8.8,0,0,0,0
20170330,0,10.6,0,0,0,0
20170331,0,8.6,1.5,0,0,1
20170401,0,9,1,0,0,11
20170402,0,9,0,0,0,110
20170403,0,11.4,0,0,0,100
20170404,0,14.1,0,0,0,0
20170405,0,12,37.5,0,0,0
20170406,0,10.4,3,0,0,0
20170407,0,14.5,0,0,0,1
20170408,0,13,0.5,0,0,11
20170409,0,14.8,0.5,0,0,110
20170410,0,16.5,0,0,0,100
20170411,0,15.3,0,0,0,0
20170412,0,11.5,0,0,0,0
20170413,0,12.7,0,0,0,0
20170414,0,13,6,0,0,1
20170415,0,16.8,0,0,0,11
20170416,0,18.7,0,0,0,110
20170417,0,14.7,5.5,0,0,100
20170418,0,11.7,7.5,0,0,0
20170419,0,12.6,0,0,0,0
20170420,0,12.9,0.1,0,0,0
20170421,0,13.1,0,0,0,1
20170422,0,14.8,0,0,0,11
20170423,0,14.9,0,0,0,110
20170424,0,15.1,0,0,0,100
20170425,0,16,0,0,0,0
20170426,0,15.1,0,0,0,0
20170427,0,13.6,0,0,0,0
20170428,0,14.4,0,0,0,1
20170429,0,17.1,0,0,0,11
20170430,0,19.3,0,0,0,110
