DATE,MEAN_TEMP,AVG_RAIN,AVG_SNOW,TOTAL_SNOW
20130101,-9.9,4.8,5.8,25.1
20130102,-13.9,1,1.6,26.4
20130103,-17.2,0,0,24.3
20130104,-15.7,0,0,23.6
20130105,-11.9,0,0,21.6
20130106,-10.4,0,0,18.9
20130107,-10.6,0,0,18
20130108,-9.9,0,0,17.5
20130109,-12.1,0,0,17.3
20130110,-13.1,0,0,17.1
20130111,-9.1,0,0,16.9
20130112,-4.1,0.3,0.5,17.2
20130113,-5.7,0,0,16.6
20130114,-6.5,0,0,16.2
20130115,-6.1,0.2,0.2,16.2
20130116,-6.9,0,0,15.9
20130117,-8.6,8.6,16.3,31.1
20130118,-10.3,0,0,31.1
20130119,-6.1,0,0,29
20130120,-6.5,0,0,26.5
20130121,-0.9,23.3,27,42
20130122,-1.8,9,9.8,48.7
20130123,-2.5,0.6,0.9,49.4
20130124,-5.3,0,0,48.5
20130125,-13.8,0,0,43.2
20130126,-14.9,0,0,42
20130127,-14,0,0,41.7
20130128,-9,0,0,41.5
20130129,-0.3,0.1,0.1,41.3
20130130,0.5,0,0,38.6
20130131,1,0,0,33.2
20130201,4.4,18.5,0,30.5
20130202,-2,0,0,21
20130203,-5.8,7,7.7,19.6
20130204,-3.5,3.9,4.3,22.7
20130205,-6,2.4,3.4,20.7
20130206,-3.8,2.2,2.9,23.6
20130207,-13.6,0,0,20.8
20130208,-15.2,0,0,19.7
20130209,-11.7,0,0,19.3
20130210,-7.7,0,0,14.3
20130211,-9.9,0,0,12.2
20130212,-6.7,0,0,11.5
20130213,-7.5,0,0,11.3
20130214,-2.9,0,0,11
20130215,-4.4,0,0,10.3
20130216,-8.5,0,0,9.9
20130217,-2.5,0.1,0.3,9.9
20130218,-2.5,0,0,9.5
20130219,-6,2.3,2.8,11.8
20130220,-8.4,0,0,9.6
20130221,-7.5,0,0,9.4
20130222,-4.7,0.7,1,10.2
20130223,-6.4,0,0,9.8
20130224,-3.4,0,0,9.4
20130225,-5.7,0,0,8.6
20130226,-1.8,0,0,7.9
20130227,1.8,0,0,7.2
20130228,3.8,0,0,4.6
20130301,-0.6,2,0,2.5
20130302,-4.9,0,0,0
20130303,-3.8,0,0,0
20130304,-2.3,0,0,0
20130305,0.5,0,0,0
20130306,5.2,0,0,0
20130307,5.4,1,0,0
20130308,5.6,0,0,0
20130309,11.3,0,0,0
20130310,1.3,0,0,0
20130311,0.8,0,0,0
20130312,5.8,0.4,0,0
20130313,-2,21,3,3
20130314,-0.4,0.1,0.2,3.2
20130315,2.4,0,0,0
20130316,4.4,0,0,0
20130317,6.1,4.5,0,0
20130318,6.6,8.5,0,0
20130319,4.6,0,0,0
20130320,-2.9,8.2,7.4,7.4
20130321,-2.7,0,0,7.4
20130322,1.1,0,0,0.8
20130323,0.1,0,0,0
20130324,0.9,0,0,0
20130325,-3.9,7,12.6,12.6
20130326,-1.4,0,0,12.5
20130327,5.6,0,0,0
20130328,5.9,0.2,0,0
20130329,0.6,0,0,0
20130330,-0.2,0.4,0,0
20130331,2.3,2.2,2.5,2.5
20130401,4.4,0,0,0
20130402,3,3.5,0,0
20130403,6.3,0,0,0
20130404,4,0,0,0
20130405,4.9,0,0,0
20130406,2.8,9.9,3.8,3.8
20130407,-0.4,2.8,4,7.1
20130408,3.7,0,0,0
20130409,1.2,0.6,0.1,0.1
20130410,-0.5,0,0,0
20130411,-0.4,1.9,0.6,0.6
20130412,1.2,0,0,0
20130413,8.4,0,0,0
20130414,6,8,0,0
20130415,3.1,0,0,0
20130416,8.7,0,0,0
20130417,1.4,1.5,0,0
20130418,4,0,0,0
20130419,1.3,0,0,0
20130420,0.8,3.9,2,2
20130421,2,0,0,0
20130422,6.9,0,0,0
20130423,8.3,5.5,0,0
20130424,10.9,1.5,0,0
20130425,5.5,5.5,0,0
20130426,5,0.5,0,0
20130427,6.5,0,0,0
20130428,9.5,0,0,0
20130429,11.3,1.5,0,0
20130430,7.7,0.3,0,0
20130501,4.8,3.5,0,0
20130502,4,4,0,0
20130503,6.7,6,0,0
20130504,10.3,0.3,0,0
20130505,12.8,0,0,0
20130506,12.6,0,0,0
20130507,10.7,0,0,0
20130508,16.2,0,0,0
20130509,15.1,0.1,0,0
20130510,12.6,5.5,0,0
20130511,15.1,0,0,0
20130512,17.7,0.2,0,0
20130513,18.4,0,0,0
20130514,17.1,0,0,0
20130515,10.9,0,0,0
20130516,8.1,0,0,0
20130517,11.6,0,0,0
20130518,13.9,3,0,0
20130519,10.5,31.5,0,0
20130520,12.5,0,0,0
20130521,14.8,0,0,0
20130522,16.1,0,0,0
20130523,15.7,0,0,0
20130524,19.8,0,0,0
20130525,16.3,0,0,0
20130526,18.8,0,0,0
20130527,15.5,18.2,0,0
20130528,17.7,10.5,0,0
20130529,14.7,0,0,0
20130530,16,0,0,0
20130531,17.3,0,0,0
20130601,16.4,0,0,0
20130602,12.9,0,0,0
20130603,14.4,0,0,0
20130604,17.6,0,0,0
20130605,17.3,0,0,0
20130606,16,0,0,0
20130607,16.6,0,0,0
20130608,16.5,0,0,0
20130609,14.6,0,0,0
20130610,14.2,0,0,0
20130611,12.7,1.5,0,0
20130612,18.2,2,0,0
20130613,18.4,0,0,0
20130614,19,0.2,0,0
20130615,20.8,0,0,0
20130616,21.3,0,0,0
20130617,19,0,0,0
20130618,18.2,26.5,0,0
20130619,17.6,8.5,0,0
20130620,20.1,0,0,0
20130621,17.8,0.5,0,0
20130622,17.1,0.1,0,0
20130623,18.3,0.5,0,0
20130624,18.4,4.5,0,0
20130625,18.9,28.5,0,0
20130626,17.7,0.5,0,0
20130627,18.1,4.5,0,0
20130628,18.9,5.5,0,0
20130629,18.5,0,0,0
20130630,20.1,0.5,0,0
20130701,21.3,0,0,0
20130702,22.2,5,0,0
20130703,21.8,0,0,0
20130704,22.2,2,0,0
20130705,20.6,8,0,0
20130706,22.6,0,0,0
20130707,22.2,0.5,0,0
20130708,22.6,7,0,0
20130709,23.3,0.1,0,0
20130710,22.8,8,0,0
20130711,22.5,13.5,0,0
20130712,20.7,8,0,0
20130713,20.6,28,0,0
20130714,20.9,62.5,0,0
20130715,19.3,122,0,0
20130716,23.8,0,0,0
20130717,22.2,10.5,0,0
20130718,20.9,24,0,0
20130719,22.4,0,0,0
20130720,23.1,0.4,0,0
20130721,23.3,0.1,0,0
20130722,21.4,57,0,0
20130723,22.5,10.5,0,0
20130724,22.8,5.5,0,0
20130725,21.5,0,0,0
20130726,22.2,0,0,0
20130727,22.2,0,0,0
20130728,21.8,0.4,0,0
20130729,23.8,0.5,0,0
20130730,22.2,0.5,0,0
20130731,23.3,18,0,0
20130801,21.4,0.5,0,0
20130802,21.7,0.5,0,0
20130803,23.5,0.5,0,0
20130804,23.7,0,0,0
20130805,22.8,2,0,0
20130806,23.8,0,0,0
20130807,25.2,0,0,0
20130808,25.4,0,0,0
20130809,25.1,7.5,0,0
20130810,23.5,10.5,0,0
20130811,23.3,0,0,0
20130812,24.1,0,0,0
20130813,24,0,0,0
20130814,23.6,0,0,0
20130815,23.9,0,0,0
20130816,23.8,0,0,0
20130817,23.6,0,0,0
20130818,23.9,0,0,0
20130819,23.6,0,0,0
20130820,20.6,0,0,0
20130821,20.9,0,0,0
20130822,24.2,0.1,0,0
20130823,22,22.5,0,0
20130824,20.1,0,0,0
20130825,18.9,0,0,0
20130826,18.5,1.5,0,0
20130827,19.4,0,0,0
20130828,20.2,0,0,0
20130829,20.9,4.5,0,0
20130830,21.8,0,0,0
20130831,15.9,1.5,0,0
20130901,16.2,0.5,0,0
20130902,15.6,0,0,0
20130903,13.4,0,0,0
20130904,13,0,0,0
20130905,13.4,0,0,0
20130906,14.6,1.5,0,0
20130907,15.2,0,0,0
20130908,15,0,0,0
20130909,15.3,0,0,0
20130910,17.1,3,0,0
20130911,17.2,6.5,0,0
20130912,18,0.5,0,0
20130913,19.7,18,0,0
20130914,17.3,32,0,0
20130915,15.7,0,0,0
20130916,13.1,0,0,0
20130917,16.3,0,0,0
20130918,16.5,0,0,0
20130919,16.4,0,0,0
20130920,17.9,0,0,0
20130921,17.2,0,0,0
20130922,14.3,11,0,0
20130923,15.5,0,0,0
20130924,16.7,2.5,0,0
20130925,12.1,5.5,0,0
20130926,11.2,2,0,0
20130927,11.3,0,0,0
20130928,11.6,0.5,0,0
20130929,13.3,29.5,0,0
20130930,14.9,9.5,0,0
20131001,14.2,0,0,0
20131002,15,0,0,0
20131003,12,0.1,0,0
20131004,9.7,0,0,0
20131005,11,0,0,0
20131006,14.4,4,0,0
20131007,16.2,2,0,0
20131008,14.9,23.5,0,0
20131009,15.3,2,0,0
20131010,14.7,0,0,0
20131011,13.4,1.5,0,0
20131012,11,0,0,0
20131013,9.7,0,0,0
20131014,10.9,0,0,0
20131015,5.6,20.5,0,0
20131016,4.3,0,0,0
20131017,4.7,0,0,0
20131018,6.2,0,0,0
20131019,8,0,0,0
20131020,10.5,0.2,0,0
20131021,8.9,0.5,0,0
20131022,9,0.2,0,0
20131023,8.9,0,0,0
20131024,8.3,0,0,0
20131025,5,0,0,0
20131026,4.8,0,0,0
20131027,4.5,0,0,0
20131028,5.2,0,0,0
20131029,7.4,0,0,0
20131030,6.4,0,0,0
20131031,6.2,0,0,0
20131101,6.6,0,0,0
20131102,8.4,2.5,0,0
20131103,7.6,0,0,0
20131104,4.9,0.5,0,0
20131105,5.2,0,0,0
20131106,8.5,0,0,0
20131107,8,6.5,0,0
20131108,3.8,0,0,0
20131109,7.6,1.5,0,0
20131110,4,2,0,0
20131111,-1.8,0,0,0
20131112,-2,0,0,0
20131113,-1.4,0,0,0
20131114,2.6,0,0,0
20131115,4,0,0,0
20131116,1.3,0,0,0
20131117,0.7,0.4,0,0
20131118,-3.6,0,0,0
20131119,-4.4,0,0,0
20131120,-3.3,0,0,0
20131121,-1.6,0,0,0
20131122,0.2,0,0,0
20131123,1.5,0,0,0
20131124,3.4,8,0,0
20131125,1.3,12.9,0.6,0.6
20131126,-3,0.5,0,0.4
20131127,-4.2,9.4,8.5,8.5
20131128,-9.2,0,0,8.5
20131129,-5.9,0,0,7.5
20131130,0.3,0,0,6
20131201,0.8,0,0,0
20131202,-0.3,0,0,0
20131203,0.1,0,0,0
20131204,0.2,0,0,0
20131205,1.6,0,0,0
20131206,-1.1,0,0,0
20131207,-0.8,0,0,0
20131208,-1,0,0,0
20131209,1.3,6.5,0,0
20131210,-2.8,7.4,6.1,6.1
20131211,-6.3,2.7,3.8,8.8
20131212,-6.6,7.4,12.2,18.4
20131213,-11,0,0,18.4
20131214,-8.2,0,0,18.4
20131215,-8.9,0,0,18
20131216,-8.3,0,0,16
20131217,-4.7,0.6,0.7,11.5
20131218,-2.3,0.8,0.7,12.2
20131219,-6.9,0.1,0.1,12
20131220,-7.1,2,1.5,13
20131221,-5.5,5.5,6.8,19.5
20131222,-8.7,0,0,16.7
20131223,-7.6,0,0,15
20131224,-9,0,0,10
20131225,-4.9,0,0,4
20131226,-3.8,0.4,0.5,3.5
20131227,-9.6,0.1,0.1,3.6
20131228,-11.3,0,0,3.3
20131229,-7.5,0,0,3.1
20131230,-2,0,0,3.1
20131231,-0.7,0,0,3.1
20140101,-1,0,0,2.4
20140102,-1.8,0,0,2.4
20140103,-0.8,0,0,1
20140104,-4.7,1.7,2,2.5
20140105,-4.4,0,0,2.5
20140106,-6.6,0,0,1.3
20140107,-1.7,0,0,0.6
20140108,-1.4,0,0,0.5
20140109,-10.8,0,0,0
20140110,-9.2,0,0,0
20140111,-6,0,0,0
20140112,-6.4,0.2,0.2,0.2
20140113,-11.1,0,0,0
20140114,-9.9,0,0,0
20140115,-8.5,0,0,0
20140116,-6.8,0,0,0
20140117,-5.8,0,0,0
20140118,-8,0,0,0
20140119,-8.5,0,0,0
20140120,-4.8,4.7,5.6,5.6
20140121,-8.3,16.6,17.9,23.5
20140122,-9.4,0,0,23.5
20140123,-6.5,0,0,21.5
20140124,0,0,0,16.5
20140125,2.2,9,0,11
20140126,-4.2,1.1,1.6,1.6
20140127,-3.3,0,0,0
20140128,-0.4,0,0,0
20140129,0.4,0,0,0
20140130,1.5,2.5,0,0
20140131,-1.8,0,0,0
20140201,0.7,13.5,0,0
20140202,4,0.5,0,0
20140203,-2.9,0,0,0
20140204,-11,0,0,0
20140205,-10.8,0,0,0
20140206,-7.1,0.2,0.2,0.2
20140207,-4.3,21.1,24.2,24.2
20140208,-5.1,21.2,25.5,45
20140209,-5.1,14.1,20,55.8
20140210,-7.4,9.8,25.5,74
20140211,-7.2,2.3,7.7,71.6
20140212,-9.5,0.1,0.1,46
20140213,-5.2,4.4,7.1,50.6
20140214,-5.9,2.9,3.4,53.3
20140215,-7.1,0,0,52.8
20140216,-5.4,0,0,42
20140217,-3.7,2.1,3,42
20140218,-6.5,5.1,11.1,48
20140219,-6.2,0,0,48
20140220,-6.8,0,0,45
20140221,-7.5,0,0,39
20140222,-7.1,0,0,38
20140223,-5.4,0,0,36.5
20140224,-1.9,0,0,36.5
20140225,1.3,0,0,33
20140226,-1.5,0,0,30
20140227,1.7,0,0,23.5
20140228,-0.2,0,0,22
20140301,0.5,0,0,22
20140302,-3.2,2.9,2.2,20
20140303,-2.3,0,0,20
20140304,1,0,0,17.2
20140305,-5.4,4.2,4.7,19.7
20140306,-7.5,0,0,19.7
20140307,-5.2,0,0,17
20140308,-3.4,0,0,17
20140309,-5.5,0.4,0.3,15
20140310,-4.3,0,0,14.4
20140311,1.3,0,0,13.5
20140312,2.1,5,0.2,12.5
20140313,-3.3,17.3,9.3,17.3
20140314,-2.6,0,0,17.3
20140315,1.9,0,0,8.5
20140316,4.3,0,0,6.5
20140317,9.7,0.5,0,4
20140318,5.8,2,0,0
20140319,2.8,1.5,0,0
20140320,0,6.3,6.3,6.3
20140321,-1.5,0,0,6.3
20140322,4.1,0,0,0
20140323,7.2,0,0,0
20140324,7.3,0,0,0
20140325,10.4,0,0,0
20140326,8.5,0,0,0
20140327,8.6,0,0,0
20140328,12.1,0,0,0
20140329,10.3,0.4,0,0
20140330,4.4,4.5,0,0
20140331,6.8,0,0,0
20140401,7.5,0,0,0
20140402,10.3,0,0,0
20140403,3.7,15,6.2,6.2
20140404,-0.6,7.4,6,10.4
20140405,-1,2.7,2.9,10.4
20140406,1.7,1,1.2,7.1
20140407,8.7,0,0,0
20140408,8.2,0,0,0
20140409,10.4,0,0,0
20140410,5.2,0,0,0
20140411,6.2,0,0,0
20140412,8.4,0,0,0
20140413,7.3,0,0,0
20140414,10.6,0,0,0
20140415,13.7,0,0,0
20140416,12.3,0,0,0
20140417,7.8,2.5,0,0
20140418,6.1,0.1,0,0
20140419,5.1,0,0,0
20140420,8.8,0,0,0
20140421,10.2,0,0,0
20140422,8.3,0,0,0
20140423,9.7,0,0,0
20140424,11.5,0,0,0
20140425,12.2,0,0,0
20140426,13.7,0,0,0
20140427,12.4,1,0,0
20140428,8.4,33.5,0,0
20140429,8.7,78.5,0,0
20140430,8.4,1,0,0
20140501,14.1,0,0,0
20140502,13.7,0,0,0
20140503,10,0,0,0
20140504,8.9,2.5,0,0
20140505,6.1,0,0,0
20140506,8.1,0.2,0,0
20140507,12.5,0,0,0
20140508,10.7,14.5,0,0
20140509,9.1,0,0,0
20140510,10.9,0,0,0
20140511,12.4,3.5,0,0
20140512,13.5,5,0,0
20140513,16.8,0,0,0
20140514,17.2,0,0,0
20140515,14.4,0,0,0
20140516,14.2,0,0,0
20140517,12.5,0,0,0
20140518,13.4,0,0,0
20140519,16.2,0,0,0
20140520,15.8,0,0,0
20140521,13.4,0,0,0
20140522,11.3,0,0,0
20140523,16.5,0,0,0
20140524,20.9,0,0,0
20140525,17.7,0.1,0,0
20140526,16.4,2,0,0
20140527,19.1,0,0,0
20140528,18.3,0.5,0,0
20140529,21.2,0,0,0
20140530,21.2,0,0,0
20140531,21.6,0,0,0
20140601,21.8,0,0,0
20140602,18,0,0,0
20140603,14.4,21,0,0
20140604,13.7,5,0,0
20140605,14,17.5,0,0
20140606,15.8,0,0,0
20140607,13.2,0,0,0
20140608,14.2,0.5,0,0
20140609,13.7,3.5,0,0
20140610,14.1,2.5,0,0
20140611,13.1,0.5,0,0
20140612,12.2,0,0,0
20140613,14.5,5,0,0
20140614,18.3,0,0,0
20140615,18.6,0,0,0
20140616,18.9,0,0,0
20140617,15.7,0,0,0
20140618,16.4,3.5,0,0
20140619,17.7,0,0,0
20140620,14.6,0.1,0,0
20140621,14.4,3,0,0
20140622,14.4,1,0,0
20140623,16.6,13.5,0,0
20140624,16.3,8.5,0,0
20140625,17.9,0,0,0
20140626,18.8,0,0,0
20140627,19.2,0,0,0
20140628,18.4,2.5,0,0
20140629,16.8,0,0,0
20140630,17.7,1,0,0
20140701,19.4,0.5,0,0
20140702,18.6,0,0,0
20140703,17,24,0,0
20140704,18,0.5,0,0
20140705,16.4,0,0,0
20140706,16.3,0,0,0
20140707,18.1,0,0,0
20140708,21.5,0,0,0
20140709,22.8,4.5,0,0
20140710,22.1,0,0,0
20140711,22.6,0,0,0
20140712,20.4,0,0,0
20140713,21.2,0.5,0,0
20140714,21.6,0,0,0
20140715,21.3,0,0,0
20140716,22.4,0,0,0
20140717,22,0,0,0
20140718,22.4,0.1,0,0
20140719,22,6.5,0,0
20140720,21.9,0,0,0
20140721,23.1,0,0,0
20140722,22,3,0,0
20140723,20.8,9.5,0,0
20140724,20.2,15.5,0,0
20140725,21.1,11.5,0,0
20140726,20.4,2,0,0
20140727,18.2,0,0,0
20140728,18.4,0,0,0
20140729,19.5,0.2,0,0
20140730,22,0,0,0
20140731,22.5,68.5,0,0
20140801,22.7,0,0,0
20140802,22.2,0.5,0,0
20140803,21.3,16.5,0,0
20140804,22.5,1.5,0,0
20140805,23.6,0.5,0,0
20140806,21.1,25.5,0,0
20140807,18.1,9.5,0,0
20140808,17.2,0.2,0,0
20140809,17.9,24.5,0,0
20140810,18.1,127,0,0
20140811,18.8,2.5,0,0
20140812,20.1,0,0,0
20140813,18.8,3,0,0
20140814,16.9,5.5,0,0
20140815,17.6,2,0,0
20140816,19.9,0,0,0
20140817,18,9.5,0,0
20140818,17.1,38,0,0
20140819,17.6,24,0,0
20140820,18.7,1.5,0,0
20140821,19.1,25,0,0
20140822,20.1,0,0,0
20140823,20.7,0,0,0
20140824,21,0.5,0,0
20140825,18,12,0,0
20140826,17.1,20,0,0
20140827,15.2,1.5,0,0
20140828,16.7,0,0,0
20140829,16.5,0,0,0
20140830,15.4,0,0,0
20140831,15.2,0,0,0
20140901,15.1,0,0,0
20140902,15.6,1.5,0,0
20140903,16,69,0,0
20140904,18.2,0.5,0,0
20140905,18.8,0,0,0
20140906,18.1,0,0,0
20140907,17.2,0,0,0
20140908,19.5,0,0,0
20140909,16.2,0,0,0
20140910,15.3,0,0,0
20140911,15.5,0,0,0
20140912,15,26,0,0
20140913,14.8,0.5,0,0
20140914,14.5,0,0,0
20140915,16.2,0,0,0
20140916,14.4,0,0,0
20140917,14.6,2,0,0
20140918,13.5,0,0,0
20140919,12.5,0,0,0
20140920,13.5,0,0,0
20140921,12.7,0,0,0
20140922,13.1,0,0,0
20140923,15.1,0,0,0
20140924,14.1,29.5,0,0
20140925,13.8,0,0,0
20140926,13.1,0,0,0
20140927,15.7,0,0,0
20140928,15.7,0.5,0,0
20140929,15.7,2,0,0
20140930,10.4,7.5,0,0
20141001,12.3,0,0,0
20141002,14,0.5,0,0
20141003,12.8,1.5,0,0
20141004,9.7,1,0,0
20141005,9.3,0,0,0
20141006,9,0.1,0,0
20141007,8.6,0,0,0
20141008,8.9,0,0,0
20141009,10.4,0,0,0
20141010,9.8,4.5,0,0
20141011,10.8,0,0,0
20141012,12.1,0,0,0
20141013,8.9,72.5,0,0
20141014,6.4,0,0,0
20141015,7,0,0,0
20141016,7.3,0.2,0,0
20141017,7,0,0,0
20141018,9.2,0,0,0
20141019,11.3,0,0,0
20141020,11.6,15.5,0,0
20141021,8.8,78.5,0,0
20141022,5.5,1,0,0
20141023,6.5,0,0,0
20141024,10.6,0,0,0
20141025,10.8,0,0,0
20141026,12.1,0,0,0
20141027,7.1,0,0,0
20141028,3.6,0,0,0
20141029,5.8,0,0,0
20141030,8.5,0,0,0
20141031,9.6,7,0,0
20141101,11.3,2.5,0,0
20141102,6.9,1,0,0
20141103,3.3,0,0,0
20141104,5.8,0,0,0
20141105,6.7,0,0,0
20141106,8,0,0,0
20141107,5.3,3.5,0,0
20141108,7.2,0,0,0
20141109,5.7,0,0,0
20141110,2.8,0,0,0
20141111,5,0,0,0
20141112,2.1,1.5,0,0
20141113,-5.1,0,0,0
20141114,-0.6,0,0,0
20141115,1,0,0,0
20141116,1.4,0,0,0
20141117,0.9,0.2,0.5,0.5
20141118,-0.1,0,0,0
20141119,-0.2,0,0,0
20141120,2.2,0,0,0
20141121,5.6,0,0,0
20141122,5.6,0.2,0,0
20141123,3.4,0,0,0
20141124,4.7,0,0,0
20141125,3.2,20,0,0
20141126,2.6,0,0,0
20141127,2.8,0,0,0
20141128,3.1,5,0,0
20141129,5,2,0,0
20141130,4.4,5.5,0,0
20141201,-4.4,0.6,0.1,0.1
20141202,-10.6,0,0,0
20141203,-6.2,0.2,0.2,0.2
20141204,-7.4,0,0,0
20141205,-10.5,0,0,0
20141206,-9.5,0,0,0
20141207,-7.9,0,0,0
20141208,-4.9,0,0,0
20141209,-6.7,0,0,0
20141210,-0.6,0,0,0
20141211,-4.1,0.1,0.1,0.1
20141212,-7.7,0.3,0.3,0.3
20141213,-9.8,0,0,0.3
20141214,-7.6,0,0,0
20141215,-3,4.2,6,6
20141216,-8.5,4.1,7.3,13.3
20141217,-14.7,0,0,13.3
20141218,-13.7,0,0,13.3
20141219,-7.3,0,0,12
20141220,-4.4,1.3,2.8,13.6
20141221,-10.4,0,0,6
20141222,-8.8,0,0,3.7
20141223,-4.2,0,0,3.7
20141224,-0.8,0.1,0.1,3.8
20141225,-7.5,0,0,1
20141226,-8.6,0,0,0
20141227,-6.3,0,0,0
20141228,-3,0,0,0
20141229,-1.2,0,0,0
20141230,-1.2,0,0,0
20141231,-6.2,0.8,1,1
20150101,-12.9,0,0,0
20150102,-10.6,0,0,0
20150103,-6.8,0,0,0
20150104,-1.3,0,0,0
20150105,-1.6,0.7,0.6,0.6
20150106,-3.6,1.4,1.1,1.3
20150107,-11.2,0,0,0
20150108,-10.6,0,0,0
20150109,-6.9,0,0,0
20150110,-4.4,0,0,0
20150111,-3.3,0.5,0.5,0.5
20150112,-8.1,0,0,0
20150113,-5.1,0,0,0
20150114,-1.6,0,0,0
20150115,-1.2,0.3,0.2,0.2
20150116,-3.9,0.3,0.1,0.1
20150117,-6.9,0,0,0
20150118,-5.6,1.7,3.8,3.8
20150119,-3.3,0.9,1.9,5.7
20150120,-5.1,0,0,2.5
20150121,-1.9,0.1,0,0
20150122,-2.1,11,0,0
20150123,-4.9,0,0,0
20150124,-3.2,0,0,0
20150125,-2.7,1.5,0,0
20150126,2.1,1.5,0,0
20150127,-3.8,0.2,0,0
20150128,-8.9,0.7,0,0
20150129,-6.3,0.5,0,0
20150130,-5.9,0.1,0,0
20150131,-10.1,0,0,0
20150201,-8.8,0,0,0
20150202,-7.1,0,0,0
20150203,-5.7,0,0,0
20150204,-5.6,0,0,0
20150205,-4.6,0.9,0,0
20150206,-3.9,0,0,0
20150207,-2.8,0,0,0
20150208,-11.5,0,0,0
20150209,-10.7,0,0,0
20150210,-3.3,0,0,0
20150211,-0.6,0,0,0
20150212,-5.7,0,0,0
20150213,-6.3,0,0,0
20150214,-1.9,0,0,0
20150215,1.1,0,0,0
20150216,0.2,7,0,0
20150217,-2.1,2.7,0,0
20150218,-2.8,3.5,0,0
20150219,-4.2,2,0,0
20150220,-3.6,0,0,0
20150221,2,3.5,0,0
20150222,2.3,0,0,0
20150223,-2.7,0,0,0
20150224,-1.6,0,0,0
20150225,0.9,0,0,0
20150226,-2.1,0.3,0,0
20150227,-6.3,0,0,0
20150228,-2.2,0,0,0
20150301,-1.4,0,0,0
20150302,-0.5,0,0,0
20150303,0.4,0.3,0,0
20150304,-6.3,0,0,0
20150305,-7,0,0,0
20150306,-3.3,0,0,0
20150307,-0.8,0,0,0
20150308,1.3,0,0,0
20150309,-0.1,0,0,0
20150310,-8.1,0,0,0
20150311,-5.2,0.2,0,0
20150312,-3.1,0,0,0
20150313,-0.4,3,0,0
20150314,-0.3,0,0,0
20150315,3.4,0,0,0
20150316,6.8,0,0,0
20150317,8.5,0,0,0
20150318,2.2,15.5,0,0
20150319,7.7,0,0,0
20150320,8.1,0,0,0
20150321,6.3,0,0,0
20150322,4.6,0,0,0
20150323,-0.3,0,0,0
20150324,-1.7,0,0,0
20150325,1,0,0,0
20150326,6.1,0,0,0
20150327,8.1,0,0,0
20150328,8.6,0,0,0
20150329,6.9,0,0,0
20150330,10.5,0,0,0
20150331,10.7,2.5,0,0
20150401,2.5,5.5,0,0
20150402,9.9,5,0,0
20150403,8.1,19.5,0,0
20150404,1.7,1,0,0
20150405,5,0,0,0
20150406,4.6,0,0,0
20150407,-1.4,2,0,0
20150408,0.4,0,0,0
20150409,3,0,0,0
20150410,4.4,0,0,0
20150411,5.2,0,0,0
20150412,3.1,0,0,0
20150413,2.3,5,0,0
20150414,2.2,7,0,0
20150415,6.1,0.2,0,0
20150416,8,5,0,0
20150417,7.9,0,0,0
20150418,12.4,0,0,0
20150419,9.5,4,0,0
20150420,4.4,8.5,0,0
20150421,9.5,0,0,0
20150422,10.5,0,0,0
20150423,11.2,0,0,0
20150424,11,0,0,0
20150425,12.2,0,0,0
20150426,16.9,0,0,0
20150427,17.1,0,0,0
20150428,14,0,0,0
20150429,11.6,0,0,0
20150430,14.7,0,0,0
20150501,16.9,0,0,0
20150502,17.7,0,0,0
20150503,14.8,2.5,0,0
20150504,13,0,0,0
20150505,10.7,0,0,0
20150506,12.5,0,0,0
20150507,13.1,0,0,0
20150508,14.2,0,0,0
20150509,11.4,0,0,0
20150510,7.6,0,0,0
20150511,13.4,2,0,0
20150512,11.2,6,0,0
20150513,14.7,0,0,0
20150514,18.1,0,0,0
20150515,17.7,0,0,0
20150516,14.6,0,0,0
20150517,14.7,0,0,0
20150518,14.5,0,0,0
20150519,13.6,2,0,0
20150520,10.4,0,0,0
20150521,13.9,0,0,0
20150522,17.5,0,0,0
20150523,16.2,0,0,0
20150524,15.6,0,0,0
20150525,15.2,0,0,0
20150526,19.3,0,0,0
20150527,17.8,0,0,0
20150528,16.4,0,0,0
20150529,18.5,0,0,0
20150530,14.4,0.5,0,0
20150531,14.6,0,0,0
20150601,17.2,0,0,0
20150602,18.8,0,0,0
20150603,15.3,0,0,0
20150604,15.3,0,0,0
20150605,12,4,0,0
20150606,12.8,0,0,0
20150607,16.7,0,0,0
20150608,16,0,0,0
20150609,18.4,0,0,0
20150610,18.4,0,0,0
20150611,17.5,0,0,0
20150612,18.6,0.1,0,0
20150613,17.6,4,0,0
20150614,15.6,0.1,0,0
20150615,17.4,1.5,0,0
20150616,17.1,0,0,0
20150617,13.5,0,0,0
20150618,14.4,9.5,0,0
20150619,12.5,2,0,0
20150620,13.8,0.5,0,0
20150621,15.8,0,0,0
20150622,17.7,2,0,0
20150623,17.1,1,0,0
20150624,16,0,0,0
20150625,16.7,4,0,0
20150626,14.8,56.5,0,0
20150627,13.5,1.5,0,0
20150628,15.9,0,0,0
20150629,20.9,0,0,0
20150630,16,1.5,0,0
20150701,17.3,4,0,0
20150702,17.6,0,0,0
20150703,15,2,0,0
20150704,13.2,0,0,0
20150705,15,0,0,0
20150706,15.6,0,0,0
20150707,15.6,0.5,0,0
20150708,14.8,20,0,0
20150709,15.9,2,0,0
20150710,18.6,0,0,0
20150711,22.9,0.1,0,0
20150712,20.9,21,0,0
20150713,20.6,3,0,0
20150714,20.6,1,0,0
20150715,16.5,0,0,0
20150716,13.4,6,0,0
20150717,14.1,0,0,0
20150718,18.1,0,0,0
20150719,18.3,0.5,0,0
20150720,17.8,0,0,0
20150721,20.5,1,0,0
20150722,21.6,11,0,0
20150723,22.6,20,0,0
20150724,22,33.5,0,0
20150725,22.6,3,0,0
20150726,22.7,1.5,0,0
20150727,22.4,0,0,0
20150728,22.5,0,0,0
20150729,22.2,5.5,0,0
20150730,24.7,0,0,0
20150731,24.4,0,0,0
20150801,22.6,0,0,0
20150802,21.7,1.5,0,0
20150803,24.5,0,0,0
20150804,24.4,0,0,0
20150805,23.2,0,0,0
20150806,23.4,0,0,0
20150807,23,6,0,0
20150808,22.3,0.1,0,0
20150809,21.5,0,0,0
20150810,21.7,0,0,0
20150811,21.4,0,0,0
20150812,19.5,0,0,0
20150813,19.2,0.2,0,0
20150814,18.4,12,0,0
20150815,19.9,0,0,0
20150816,19.7,3.5,0,0
20150817,18.9,0.1,0,0
20150818,18.6,0.3,0,0
20150819,19,0,0,0
20150820,20.4,0.5,0,0
20150821,19.3,1,0,0
20150822,19.3,0,0,0
20150823,19.1,0,0,0
20150824,18.1,65.5,0,0
20150825,16,201.5,0,0
20150826,15.9,9,0,0
20150827,18.5,0.5,0,0
20150828,17,0.5,0,0
20150829,18,0,0,0
20150830,17.2,5.9,0,0
20150831,17.8,0.1,0,0
20150901,16.9,7.5,0,0
20150902,18.1,0.1,0,0
20150903,17.8,0.1,0,0
20150904,16.7,0,0,0
20150905,16.9,5.5,0,0
20150906,14,41,0,0
20150907,13.5,0.5,0,0
20150908,12.5,0,0,0
20150909,14.6,0,0,0
20150910,15.8,0,0,0
20150911,15.2,3,0,0
20150912,13.3,8,0,0
20150913,12.1,0,0,0
20150914,12.7,0,0,0
20150915,11.7,0,0,0
20150916,11.9,0,0,0
20150917,13.3,0,0,0
20150918,13.4,0,0,0
20150919,13.3,0,0,0
20150920,13.9,0,0,0
20150921,13.5,0,0,0
20150922,14.2,0,0,0
20150923,14.2,0,0,0
20150924,13.8,0,0,0
20150925,13.5,0,0,0
20150926,13.4,0,0,0
20150927,13,0,0,0
20150928,13,0,0,0
20150929,12,0,0,0
20150930,13,0,0,0
20151001,13.1,26.5,0,0
20151002,10.1,0,0,0
20151003,13.9,0,0,0
20151004,9,0,0,0
20151005,9.4,0,0,0
20151006,10.9,0,0,0
20151007,12,0,0,0
20151008,13,0,0,0
20151009,11.1,0,0,0
20151010,7.7,2.5,0,0
20151011,6.2,0.5,0,0
20151012,6.7,0,0,0
20151013,8.6,0,0,0
20151014,10,0,0,0
20151015,9.2,0,0,0
20151016,9.2,0,0,0
20151017,10.3,0,0,0
20151018,11.5,0,0,0
20151019,13.9,0.5,0,0
20151020,11.3,0,0,0
20151021,12.2,0.3,0,0
20151022,8.4,1,0,0
20151023,12.1,0,0,0
20151024,12.6,0.5,0,0
20151025,7.4,0,0,0
20151026,7.4,0,0,0
20151027,8.3,3.5,0,0
20151028,5.6,0,0,0
20151029,3.7,0.2,0,0
20151030,1,0,0,0
20151031,0.4,0,0,0
20151101,3.1,0,0,0
20151102,5.7,0,0,0
20151103,5.4,0,0,0
20151104,6.4,0,0,0
20151105,8.2,0,0,0
20151106,6.3,9,0,0
20151107,7.1,36.5,0,0
20151108,6.6,23.5,0,0
20151109,7,10,0,0
20151110,6.5,2.5,0,0
20151111,6.1,1,0,0
20151112,7.4,0.5,0,0
20151113,7.4,32.5,0,0
20151114,9.6,15,0,0
20151115,8.6,0,0,0
20151116,6.9,5.5,0,0
20151117,7,2,0,0
20151118,3.6,27,0,0
20151119,3.9,0.2,0,0
20151120,6.3,1,0,0
20151121,4.6,0,0,0
20151122,5.3,7,0,0
20151123,3.6,7.5,0,0
20151124,0.8,1.5,0,0
20151125,-0.4,10.5,0,0
20151126,-6.1,0,0,0
20151127,-6.7,0,0,0
20151128,-3.3,0,0,0
20151129,-2.2,1,0,0
20151130,0.5,1,0,0
20151201,-1.7,0,0,0
20151202,3.5,7,0,0
20151203,-4.6,2.5,0,0
20151204,-5.6,0,0,0
20151205,-0.4,0,0,0
20151206,-2.6,0,0,0
20151207,-1.5,0,0,0
20151208,0.9,0,0,0
20151209,2,0,0,0
20151210,4.4,0.6,0,0
20151211,0.3,4.5,0,0
20151212,-1.2,0,0,0
20151213,-1.2,0,0,0
20151214,2.3,0.5,0,0
20151215,1.8,0.3,0,0
20151216,-4.4,0,0,0
20151217,-8.7,0,0,0
20151218,-5.7,0,0,0
20151219,-5.2,0,0,0
20151220,-1.9,0,0,0
20151221,-1.1,0,0,0
20151222,-1.5,0,0,0
20151223,1.1,0.1,0,0
20151224,-1.8,0,0,0
20151225,-4.3,0,0,0
20151226,-2.1,0,0,0
20151227,-6.5,0,0,0
20151228,-9.3,0,0,0
20151229,-7.6,0,0,0
20151230,-5.3,0,0,0
20151231,-1.9,0,0,0
20160101,-3.2,0,0,0
20160102,2.1,0,0,0
20160103,3.2,0,0,0
20160104,0.2,0,0,0
20160105,-4.7,0,0,0
20160106,-5.9,0,0,0
20160107,-6.5,0,0,0
20160108,-7.3,0,0,0
20160109,-5.7,0,0,0
20160110,-3.6,0,0,0
20160111,-8.2,0,0,0
20160112,-9.4,0,0,0
20160113,-8.4,0,0,0
20160114,-8.1,0,0,0
20160115,-7,0,0,0
20160116,-7.4,0,0,0
20160117,-3.7,0,0,0
20160118,-8.1,0,0,0
20160119,-16.7,0,0,0
20160120,-14.3,0,0,0
20160121,-11.4,0,0,0
20160122,-10.6,0,0,0
20160123,-14,0,0,0
20160124,-18.4,0,0,0
20160125,-13.4,0,0,0
20160126,-7.4,0,0,0
20160127,-4.3,0,0,0
20160128,-5.6,0,0,0
20160129,-3.2,2.6,0,0
20160130,-2.9,0,0,0
20160131,-5.3,0,0,0
20160201,-10.1,0,0,0
20160202,-10.3,0,0,0
20160203,-8,0,0,0
20160204,-4.3,0,0,0
20160205,-5.9,0,0,0
20160206,-7.3,0.6,0,0
20160207,-8.1,0,0,0
20160208,-4.4,1.9,0,0
20160209,-4,0.6,0,0
20160210,-4.6,0,0,0
20160211,1.2,0,0,0
20160212,6.8,8.6,0,0
20160213,7.9,11.1,0,0
20160214,-4.4,0.3,0,0
20160215,-10.3,0,0,0
20160216,-7.2,0.2,0,0
20160217,-5.1,0,0,0
20160218,-0.4,0,0,0
20160219,-1,0,0,0
20160220,-2.9,0,0,0
20160221,-5.1,0,0,0
20160222,-2.6,0,0,0
20160223,-2.2,0,0,0
20160224,-5.7,0,0,0
20160225,-5.7,0,0,0
20160226,-2.2,0,0,0
20160227,-1.8,3.5,0,0
20160228,-2.3,12.2,0,0
20160229,-8.9,0,0,0
20160301,-8.6,0,0,0
20160302,-2.5,0,0,0
20160303,1.9,0,0,0
20160304,-0.3,0,0,0
20160305,6.4,14.8,0,0
20160306,6.4,0,0,0
20160307,3.8,0,0,0
20160308,0.9,0,0,0
20160309,-3.7,0,0,0
20160310,-4.1,0,0,0
20160311,-5.1,0,0,0
20160312,-2.4,0,0,0
20160313,-0.3,0,0,0
20160314,-2.8,0.6,0,0
20160315,1.7,0,0,0
20160316,5.2,0,0,0
20160317,6.6,0,0,0
20160318,8.5,0,0,0
20160319,3.3,0,0,0
20160320,1.2,0,0,0
20160321,4.4,0,0,0
20160322,4.9,0,0,0
20160323,0,2.7,0,0
20160324,-0.8,0.2,0,0
20160325,0.3,0,0,0
20160326,0.5,0,0,0
20160327,3.1,0,0,0
20160328,6.1,0,0,0
20160329,8.8,0.1,0,0
20160330,8.2,0,0,0
20160331,8.7,0,0,0
20160401,6,0,0,0
20160402,10.9,0,0,0
20160403,5.5,1.9,0,0
20160404,5,0,0,0
20160405,9.1,0,0,0
20160406,9.5,2,0,0
20160407,10.4,24.8,0,0
20160408,10.5,0,0,0
20160409,11.8,0,0,0
20160410,3.5,1.1,0,0
20160411,2.2,0.4,0,0
20160412,8.7,0,0,0
20160413,10.6,0,0,0
20160414,11.7,0,0,0
20160415,10.8,0,0,0
20160416,13.1,18.8,0,0
20160417,7.6,8.4,0,0
20160418,7.3,5.4,0,0
20160419,8.3,0,0,0
20160420,10.4,0.3,0,0
20160421,10.2,21.4,0,0
20160422,14.1,0,0,0
20160423,10.8,0,0,0
20160424,6.7,0,0,0
20160425,13,0,0,0
20160426,8.3,0,0,0
20160427,3.5,0,0,0
20160428,5.4,0,0,0
20160429,10,0,0,0
20160430,12.5,0,0,0
20160501,16.5,0,0,0
20160502,17.7,0.9,0,0
20160503,11.6,5.3,0,0
20160504,9.8,3,0,0
20160505,14.3,0,0,0
20160506,13.8,1.1,0,0
20160507,11.6,0,0,0
20160508,13.1,0,0,0
20160509,14.6,0,0,0
20160510,8.5,23.5,0,0
20160511,12.1,1.4,0,0
20160512,14.5,0,0,0
20160513,9.1,0,0,0
20160514,10.4,0,0,0
20160515,15,2.5,0,0
20160516,11.2,4.5,0,0
20160517,15.2,0,0,0
20160518,16.4,0,0,0
20160519,15.5,0,0,0
20160520,13.1,0,0,0
20160521,12.4,0,0,0
20160522,13.7,0,0,0
20160523,16.1,0,0,0
20160524,13.6,4.5,0,0
20160525,15.2,0,0,0
20160526,15.4,0.1,0,0
20160527,15.6,0,0,0
20160528,17.5,0,0,0
20160529,15.8,0,0,0
20160530,17.3,0,0,0
20160531,17.1,0,0,0
20160601,13.1,0,0,0
20160602,13.7,0,0,0
20160603,18,0,0,0
20160604,15.7,0,0,0
20160605,13.3,0,0,0
20160606,15.2,0,0,0
20160607,16.3,0,0,0
20160608,16.5,0,0,0
20160609,15.7,0,0,0
20160610,17.4,0,0,0
20160611,20.2,0,0,0
20160612,19.7,9.5,0,0
20160613,15.1,0.1,0,0
20160614,16.3,14.4,0,0
20160615,17.4,8,0,0
20160616,17.2,0,0,0
20160617,18.5,0,0,0
20160618,19.8,0,0,0
20160619,18.6,0,0,0
20160620,18.8,0,0,0
20160621,17.7,0,0,0
20160622,16.4,10.4,0,0
20160623,20,0.1,0,0
20160624,17.1,11.9,0,0
20160625,16.5,0,0,0
20160626,16.8,0,0,0
20160627,17.5,0,0,0
20160628,17.8,0,0,0
20160629,18.4,0,0,0
20160630,20.9,9.9,0,0
20160701,20.7,59.3,0,0
20160702,19.6,17.9,0,0
20160703,18.7,0,0,0
20160704,16.2,99.9,0,0
20160705,17.7,98.8,0,0
20160706,14.8,22.3,0,0
20160707,19.3,0,0,0
20160708,21.9,0,0,0
20160709,21.8,0,0,0
20160710,21.4,0,0,0
20160711,22.2,0,0,0
20160712,21,2.6,0,0
20160713,21.8,0,0,0
20160714,18.5,19.1,0,0
20160715,17.8,0,0,0
20160716,16,81,0,0
20160717,18.7,6.2,0,0
20160718,19.1,0,0,0
20160719,17.6,0,0,0
20160720,17.3,0.2,0,0
20160721,17.3,0,0,0
20160722,18.4,0,0,0
20160723,21.8,0.3,0,0
20160724,22.9,0.2,0,0
20160725,23.2,0,0,0
20160726,23.4,0,0,0
20160727,22.6,0,0,0
20160728,23.9,0,0,0
20160729,22.1,0,0,0
20160730,24.1,0,0,0
20160731,22.7,13.5,0,0
20160801,22.2,11.4,0,0
20160802,21.2,0.5,0,0
20160803,21.2,0,0,0
20160804,20.9,0,0,0
20160805,21.1,0,0,0
20160806,22.3,0,0,0
20160807,23.1,8.9,0,0
20160808,22.1,0.2,0,0
20160809,20.5,0.3,0,0
20160810,23.4,0,0,0
20160811,24.3,0,0,0
20160812,24.4,0,0,0
20160813,25.1,0,0,0
20160814,23.9,0.7,0,0
20160815,22.7,0,0,0
20160816,21.9,2.4,0,0
20160817,21.2,0,0,0
20160818,22.2,0,0,0
20160819,22.5,0,0,0
20160820,21.9,0,0,0
20160821,21,1.4,0,0
20160822,20.5,0,0,0
20160823,20.4,0,0,0
20160824,21.1,0,0,0
20160825,21.8,4.4,0,0
20160826,13.9,35.4,0,0
20160827,13.9,0,0,0
20160828,14,152.5,0,0
20160829,12.6,32.6,0,0
20160830,13.4,7.3,0,0
20160831,13.7,2.4,0,0
20160901,19,0,0,0
20160902,16.8,1.4,0,0
20160903,17.7,1.6,0,0
20160904,18,30.6,0,0
20160905,19.4,8.2,0,0
20160906,19.5,0,0,0
20160907,17.8,0,0,0
20160908,17.1,4,0,0
20160909,16.7,4.2,0,0
20160910,17.5,0.1,0,0
20160911,17.2,2.7,0,0
20160912,16.1,0,0,0
20160913,15.5,0.4,0,0
20160914,16.9,1.2,0,0
20160915,17.1,0,0,0
20160916,17.6,0,0,0
20160917,14.9,18.9,0,0
20160918,14.7,5.1,0,0
20160919,12.7,15.9,0,0
20160920,12.6,0,0,0
20160922,12.8,0,0,0
20160923,12.7,0,0,0
20160924,14,0,0,0
20160925,15.8,0,0,0
20160926,14.9,0,0,0
20160927,16,3,0,0
20160928,14.5,3.2,0,0
20160929,10.9,1.6,0,0
20160930,14.6,0,0,0
20161001,13.6,0,0,0
20161002,14.8,0.1,0,0
20161003,19.6,7.1,0,0
20161004,12.7,1.1,0,0
20161005,13.9,21.5,0,0
20161006,12.5,0,0,0
20161007,13.2,3.9,0,0
20161008,12.5,3,0,0
20161009,6.4,0,0,0
20161010,7,0,0,0
20161011,9.3,0,0,0
20161012,7.8,0,0,0
20161013,9.2,0,0,0
20161014,8.8,0,0,0
20161015,10.7,0,0,0
20161016,10.5,0.6,0,0
20161017,12.5,0,0,0
20161018,10,0,0,0
20161019,12.8,0,0,0
20161020,9.9,3.3,0,0
20161021,9.5,0.8,0,0
20161022,10.9,3,0,0
20161023,5.1,11.2,0,0
20161024,6,0,0,0
20161025,8.4,20.7,0,0
20161026,8.6,0,0,0
20161027,8.2,0.1,0,0
20161028,8.4,0.5,0,0
20161029,4.4,1.4,0,0
20161030,3.4,0,0,0
20161031,4.1,0,0,0
20161101,-0.8,0,0,0
20161102,-0.8,0,0,0
20161103,3.2,0,0,0
20161104,7.3,0,0,0
20161105,9.4,0,0,0
20161106,4.2,7.8,0,0
20161107,8.2,1.6,0,0
20161108,3.2,1.5,0,0
20161109,-1.3,0,0,0
20161110,1.8,0,0,0
20161111,3.9,0,0,0
20161112,6.1,0,0,0
20161113,8.1,0,0,0
20161114,10.6,0,0,0
20161115,3.5,0,0,0
20161116,1.7,0,0,0
20161117,0.9,0,0,0
20161118,7,1.6,0,0
20161119,9.3,0.1,0,0
20161120,5.5,0,0,0
20161121,2.3,0,0,0
20161122,1.1,0.7,0,0
20161123,-2,0,0,0
20161124,-6.3,0,0,0
20161125,-4.2,0,0,0
20161126,-3.7,0,0,0
20161127,-0.4,0,0,0
20161128,-2.4,0,0,0
20161129,-3.2,0,0,0
20161130,2.3,0,0,0
20161201,0.3,0,0,0
20161202,-1.2,0,0,0
20161203,1.2,0,0,0
20161204,2.5,0,0,0
20161205,2.1,1.4,0,0
20161206,-5.1,0,0,0
20161207,-4.3,0,0,0
20161208,-3.3,0,0,0
20161209,-2.9,1,0,0
20161210,-7,0,0,0
20161211,-6.8,0,0,0
20161212,-0.4,0,0,0
20161213,0.4,0.1,0,0
20161214,-4.1,11,0,0
20161215,-8.4,0,0,0
20161216,-11.3,0,0,0
20161217,-0.1,0,0,0
20161218,0.9,0,0,0
20161219,1.7,0.1,0,0
20161220,0.4,0,0,0
20161221,1.1,19.2,0,0
20161222,4.1,15.8,0,0
20161223,-5,0,0,0
20161224,-4.1,0,0,0
20161225,-2,0,0,0
20161226,0.2,2.6,0,0
20161227,-5.4,1.8,0,0
20161228,-9.1,0,0,0
20161229,-7.7,0,0,0
20161230,-8.2,0,0,0
20161231,-2.4,0,0,0
20170101,-1.3,0,0,0
20170102,1.1,0,0,0
20170103,-0.6,0,0,0
20170104,-1.2,0,0,0
20170105,-3.2,2.9,0,0
20170106,-1.1,0,0,0
20170107,-1.4,0,0,0
20170108,1.1,0.2,0,0
20170109,-1.1,0.7,0,0
20170110,-6.6,0,0,0
20170111,-8.5,0,0,0
20170112,-5.9,0,0,0
20170113,-10.4,0,0,0
20170114,-13.4,0,0,0
20170115,-11.7,0,0,0
20170116,-10.3,0,0,0
20170117,-7.7,0,0,0
20170118,-4.7,0,0,0
20170119,-4.9,0,0,0
20170120,-7.7,10.1,0,0
20170121,-9.4,0,0,0
20170122,-11.7,0.1,0,0
20170123,-14,0,0,0
20170124,-12.3,0,0,0
20170125,-11.8,0,0,0
20170126,-7.7,0,0,0
20170127,-4.9,1.7,0,0
20170128,-5.7,0,0,0
20170129,-1.1,5.5,0,0
20170130,-6.1,1.1,0,0
20170131,-8.7,0,0,0
20170201,-7.3,0,0,0
20170202,-6.8,0,0,0
20170203,-4,0,0,0
20170204,-2,0,0,0
20170205,-1.6,0,0,0
20170206,-5.7,0,0,0
20170207,-7.6,0,0,0
20170208,-6.2,0,0,0
20170209,-9.1,0,0,0
20170210,-11.7,0,0,0
20170211,-10.6,0,0,0
20170212,-6.7,0,0,0
20170213,-5.4,0,0,0
20170214,-5.1,0,0,0
20170215,-1.8,0,0,0
20170216,3.7,0,0,0
20170217,1.5,2.8,0,0
20170218,-6.1,0,0,0
20170219,-2.6,0,0,0
20170220,-2.2,0,0,0
20170221,-5.1,0,0,0
20170222,-0.5,4.4,0,0
20170223,-3.9,0,0,0
20170224,-5.6,0,0,0
20170225,-2.5,0,0,0
20170226,-3.1,0,0,0
20170227,-2.6,0,0,0
20170228,1.3,0,0,0
20170301,1.2,1.5,0,0
20170302,-1.5,4.6,0,0
20170303,-1.6,0,0,0
20170304,0.1,0,0,0
20170305,1.5,0,0,0
20170306,-3.3,0.5,0,0
20170307,-6.1,0,0,0
20170308,-5.6,0,0,0
20170309,-1.8,0,0,0
20170310,-0.2,0,0,0
20170311,2.4,0,0,0
20170312,4.9,0,0,0
20170313,1.3,0,0,0
20170314,-3.6,0.4,0,0
20170315,-3,0,0,0
20170316,-0.9,0,0,0
20170317,0.8,0,0,0
20170318,4.2,0,0,0
20170319,2.9,0,0,0
20170320,4.1,0,0,0
20170321,-0.4,0.6,0,0
20170322,2.3,0,0,0
20170323,0.4,0,0,0
20170324,-0.2,0,0,0
20170325,-0.2,1.7,0,0
20170326,0.4,0.2,0,0
20170327,0.4,1.4,0,0
20170328,1.6,0,0,0
20170329,4,0,0,0
20170330,4.5,0,0,0
20170331,1,6.9,0,0
20170401,0.6,4.1,0,0
20170402,3.6,0,0,0
20170403,7.7,0,0,0
20170404,9.1,0,0,0
20170405,9,6.8,0,0
20170406,10,5.5,0,0
20170407,8.4,0,0,0
20170408,11.5,0,0,0
20170409,4.3,5.1,0,0
20170410,5.8,0,0,0
20170411,8.5,3.5,0,0
20170412,6.8,0,0,0
20170413,8.2,0,0,0
20170414,9.4,5.8,0,0
20170415,12.7,0,0,0
20170416,15.6,0,0,0
20170417,8.7,16.3,0,0
20170418,7.8,8.4,0,0
20170419,8.4,0,0,0
20170420,8.3,0.1,0,0
20170421,5.8,3.3,0,0
20170422,6.7,2.2,0,0
20170423,10.3,0,0,0
20170424,11.9,0,0,0
20170425,12.6,0,0,0
20170426,7.6,0,0,0
20170427,7,0,0,0
20170428,9.5,0,0,0
20170429,12.5,0,0,0
20170430,16.3,0,0,0
20130101,-4.7,3.1,4.9,10.9
20130102,-11.7,0,0,10.9
20130103,-13.2,0,0,10.1
20130104,-10.7,0,0,9.2
20130105,-7,0,0,7.5
20130106,-6.3,0,0,7.3
20130107,-5.1,0,0,7.1
20130108,-4.6,0,0,6.9
20130109,-9,0,0,6.4
20130110,-8.3,0,0,6.2
20130111,-3.2,0,0,6.1
20130112,0,0.1,0.1,6.1
20130113,-0.5,0,0,3.8
20130114,-2.1,0,0,3.4
20130115,-2.1,0,0,3.2
20130116,-2.6,0.3,0.5,3.6
20130117,-5.8,0,0,2.9
20130118,-4.4,0,0,2.8
20130119,0.5,0,0,2.8
20130120,1.6,0,0,2.3
20130121,2.2,16.5,0,1.7
20130122,3.8,0.5,0,0
20130123,1.8,1.5,0,0
20130124,-0.9,0.1,0.3,0.3
20130125,-9.1,0,0,0
20130126,-9.2,0,0,0
20130127,-7.3,0,0,0
20130128,-3.5,0,0,0
20130129,2.2,0,0,0
20130130,5.4,0,0,0
20130131,7.4,0,0,0
20130201,7.3,46.5,0,0
20130202,-1.1,0,0,0
20130203,-3.2,7.5,9,9
20130204,-0.8,7.4,7.7,16.5
20130205,-0.6,4.5,1.5,13.5
20130206,-1.5,2.1,1.6,15.1
20130207,-11.1,0,0,12.9
20130208,-11.5,0,0,12.7
20130209,-7.2,0,0,12.5
20130210,-4,1.2,1.2,13.4
20130211,-5.8,0,0,11.3
20130212,-3.8,0,0,10.3
20130213,-1.3,0,0,10
20130214,1.1,0,0,8.9
20130215,-1.2,0,0,6
20130216,-2.6,0,0,4.1
20130217,2.3,0,0,3.3
20130218,0.5,0,0,0.5
20130219,-2.9,0,0,0
20130220,-4.8,0,0,0
20130221,-1.7,0,0,0
20130222,0.5,3.9,3.9,3.9
20130223,-0.9,0,0,0
20130224,1.4,0,0,0
20130225,3.3,0,0,0
20130226,4.8,0,0,0
20130227,3.4,0,0,0
20130228,6.7,1,0,0
20130301,0.8,3,0,0
20130302,-0.8,0,0,0
20130303,0.4,0,0,0
20130304,3.1,0,0,0
20130305,3.7,0,0,0
20130306,7.9,0,0,0
20130307,8,0.5,0,0
20130308,8.5,0,0,0
20130309,13.2,0,0,0
20130310,1.2,0,0,0
20130311,4.2,0,0,0
20130312,7.5,3.5,0,0
20130313,5.2,11.5,0,0
20130314,4.1,0,0,0
20130315,4.6,0,0,0
20130316,6.3,0,0,0
20130317,8.2,7.5,0,0
20130318,8.3,1,0,0
20130319,8,0,0,0
20130320,2.8,0.1,0,0
20130321,1.5,0,0,0
20130322,3.4,0,0,0
20130323,5.4,0,0,0
20130324,5.1,0,0,0
20130325,2.8,0,0,0
20130326,4.4,0,0,0
20130327,7.5,0,0,0
20130328,7.3,0,0,0
20130329,5.4,0,0,0
20130330,4.9,0.2,0,0
20130331,6.3,0,0,0
20130401,9.2,0.5,0,0
20130402,7.2,8.5,0,0
20130403,7.9,0,0,0
20130404,12.6,0,0,0
20130405,14.6,0,0,0
20130406,7.5,14,0,0
20130407,5.1,1,0,0
20130408,8,1,0,0
20130409,6.2,0.5,0,0
20130410,5,1.5,0,0
20130411,5.5,0.5,0,0
20130412,6.9,0,0,0
20130413,11.4,0,0,0
20130414,8.3,3.5,0,0
20130415,7.5,0,0,0
20130416,13.2,0,0,0
20130417,14.8,0,0,0
20130418,12.3,0,0,0
20130419,9.8,0,0,0
20130420,6.6,9.5,0,0
20130421,9,0,0,0
20130422,11.4,0,0,0
20130423,11.2,5.5,0,0
20130424,12.3,0.1,0,0
20130425,9.3,4.5,0,0
20130426,11.7,0.1,0,0
20130427,12.8,0,0,0
20130428,16,0,0,0
20130429,13.5,21,0,0
20130430,13.4,0,0,0
20130501,13.2,1,0,0
20130502,12.4,1,0,0
20130503,12.6,0,0,0
20130504,13.9,0,0,0
20130505,14.3,0,0,0
20130506,14.6,0,0,0
20130507,18.7,0,0,0
20130508,19.4,0,0,0
20130509,18.1,2.5,0,0
20130510,14,22,0,0
20130511,17.9,0,0,0
20130512,19.1,1,0,0
20130513,21.6,0,0,0
20130514,20.2,0,0,0
20130515,19.4,0,0,0
20130516,22,0,0,0
20130517,20.2,0,0,0
20130518,17.7,14.5,0,0
20130519,16.6,19.5,0,0
20130520,14.4,0,0,0
20130521,17.7,0,0,0
20130522,19.7,0,0,0
20130523,22.1,0,0,0
20130524,21.3,0,0,0
20130525,24.7,0,0,0
20130526,23.9,0,0,0
20130527,19.7,56.5,0,0
20130528,18.9,11.5,0,0
20130529,16.1,2.5,0,0
20130530,19.2,0,0,0
20130531,21.3,0,0,0
20130601,21.7,0,0,0
20130602,23.5,0,0,0
20130603,21.3,0,0,0
20130604,22.8,0.2,0,0
20130605,24.8,0,0,0
20130606,25,0,0,0
20130607,25.7,0,0,0
20130608,26.4,0,0,0
20130609,27.4,0,0,0
20130610,27.5,0,0,0
20130611,23.7,7,0,0
20130612,20.5,6.5,0,0
20130613,23,0,0,0
20130614,24.6,0,0,0
20130615,24.6,0,0,0
20130616,22.5,0,0,0
20130617,22.3,0.5,0,0
20130618,21.7,12,0,0
20130619,24.3,0.1,0,0
20130620,25.8,0,0,0
20130621,26.6,0,0,0
20130622,25.1,0,0,0
20130623,22.9,0.3,0,0
20130624,23.5,0,0,0
20130625,25.1,0,0,0
20130626,24.5,0,0,0
20130627,25.1,0,0,0
20130628,25.5,1.5,0,0
20130629,27.2,0,0,0
20130630,27.7,0.2,0,0
20130701,27.1,0,0,0
20130702,24.3,51.5,0,0
20130703,25.2,0,0,0
20130704,24.9,32.5,0,0
20130705,25.6,1,0,0
20130706,25.2,0,0,0
20130707,24.9,3,0,0
20130708,24.3,68,0,0
20130709,24.5,6.5,0,0
20130710,25.3,1,0,0
20130711,24.6,14,0,0
20130712,23.6,74,0,0
20130713,24.2,165,0,0
20130714,24.1,23,0,0
20130715,26.5,3.5,0,0
20130716,26.9,1.5,0,0
20130717,24.2,18.5,0,0
20130718,25.1,26.5,0,0
20130719,26.8,0,0,0
20130720,27,1,0,0
20130721,26.8,0.5,0,0
20130722,26.4,84.5,0,0
20130723,25.7,56.5,0,0
20130724,24.7,11.5,0,0
20130725,26,0,0,0
20130726,26.5,0,0,0
20130727,26.2,0.2,0,0
20130728,25.3,11,0,0
20130729,26.5,3.5,0,0
20130730,26.3,9.5,0,0
20130731,26.4,8.5,0,0
20130801,28,0,0,0
20130802,27.4,7.5,0,0
20130803,28.9,0.1,0,0
20130804,28.3,4.5,0,0
20130805,27.7,7,0,0
20130806,26.4,45,0,0
20130807,28.7,0,0,0
20130808,29.3,0,0,0
20130809,29.2,0,0,0
20130810,28,2,0,0
20130811,28.7,0,0,0
20130812,29.3,0,0,0
20130813,29,0,0,0
20130814,28.6,0,0,0
20130815,28.7,0,0,0
20130816,28.7,4.5,0,0
20130817,28.7,0,0,0
20130818,28.3,13,0,0
20130819,28.2,6,0,0
20130820,27.4,0,0,0
20130821,28.8,0,0,0
20130822,29.3,0,0,0
20130823,25.7,35,0,0
20130824,26.6,0,0,0
20130825,27.1,0,0,0
20130826,27,0,0,0
20130827,25.6,0,0,0
20130828,26.4,0,0,0
20130829,25.5,21.5,0,0
20130830,25.1,0,0,0
20130831,24,2.5,0,0
20130901,23.5,0,0,0
20130902,22.4,0,0,0
20130903,21.7,0,0,0
20130904,22,0,0,0
20130905,21.2,0,0,0
20130906,20.8,0,0,0
20130907,21.9,0,0,0
20130908,22.9,0,0,0
20130909,23,0,0,0
20130910,22,11.5,0,0
20130911,20.1,36.5,0,0
20130912,23,0.5,0,0
20130913,22.9,50,0,0
20130914,23.1,11.5,0,0
20130915,23.4,0,0,0
20130916,20.9,0,0,0
20130917,22.6,0,0,0
20130918,24.4,0,0,0
20130919,24.7,0,0,0
20130920,23.4,0,0,0
20130921,23.8,0,0,0
20130922,23.1,0,0,0
20130923,23.8,0,0,0
20130924,22,4.5,0,0
20130925,19.5,0,0,0
20130926,17.3,0,0,0
20130927,17.9,0,0,0
20130928,17.4,4,0,0
20130929,17.2,19,0,0
20130930,20.7,1,0,0
20131001,21.6,0,0,0
20131002,19.4,0,0,0
20131003,16.3,0,0,0
20131004,17.4,0,0,0
20131005,20,0,0,0
20131006,20.8,0,0,0
20131007,22.8,0,0,0
20131008,20,3,0,0
20131009,20.5,0,0,0
20131010,21.1,0,0,0
20131011,18.1,6.5,0,0
20131012,16.4,0,0,0
20131013,17.3,0,0,0
20131014,18.3,0,0,0
20131015,12,3.5,0,0
20131016,11.2,0,0,0
20131017,12.4,0,0,0
20131018,13.6,0,0,0
20131019,14.6,0,0,0
20131020,16.7,0,0,0
20131021,16.2,0,0,0
20131022,15.9,0,0,0
20131023,16.2,0,0,0
20131024,13.1,0,0,0
20131025,9.3,0,0,0
20131026,10,0,0,0
20131027,11.4,0,0,0
20131028,11.6,0,0,0
20131029,12.7,0.5,0,0
20131030,10.5,0,0,0
20131031,11.7,0,0,0
20131101,14.8,0,0,0
20131102,11.6,7.5,0,0
20131103,11.9,0,0,0
20131104,12.6,0,0,0
20131105,12.3,0,0,0
20131106,12.2,1,0,0
20131107,12.2,0.1,0,0
20131108,9,0,0,0
20131109,11.6,5.5,0,0
20131110,5.5,0,0,0
20131111,2.6,0,0,0
20131112,3.4,0,0,0
20131113,4.8,0,0,0
20131114,6.7,1,0,0
20131115,8.2,2,0,0
20131116,7,2,0,0
20131117,5.2,1,0,0
20131118,1.1,0,0,0
20131119,1.1,0,0,0
20131120,1.5,0,0,0
20131121,2.6,0,0,0
20131122,4.6,0,0,0
20131123,7.1,0,0,0
20131124,7.3,14,0,0
20131125,4.7,9.5,0,0
20131126,2.1,1.5,0,0
20131127,0,1.7,0,0
20131128,-3.8,0,0,0
20131129,-0.7,0,0,0
20131130,5.3,0,0,0
20131201,4.5,0,0,0
20131202,3.9,0,0,0
20131203,6.7,0,0,0
20131204,5.5,0,0,0
20131205,5.5,0,0,0
20131206,3,0,0,0
20131207,6.2,0.1,0,0
20131208,4.2,0,0,0
20131209,3.8,14,0,0
20131210,0.3,0,0,0
20131211,-1.7,2.6,3.3,3.3
20131212,-3.2,4.1,4.4,5.8
20131213,-6.8,0,0,5.4
20131214,-4.9,1.1,0.8,5.6
20131215,-4.4,0,0,5.3
20131216,-3.6,0,0,4.1
20131217,-0.3,0,0,4
20131218,2.2,0.8,1.9,3.4
20131219,-3.5,0.3,0.9,2.6
20131220,-4,0,0,0.7
20131221,-3.1,0,0,0
20131222,-2.1,0,0,0
20131223,-1.1,0,0,0
20131224,-1.6,0,0,0
20131225,-0.5,0,0,0
20131226,-0.5,1.6,1.7,1.7
20131227,-6.8,0,0,0.5
20131228,-6.5,0,0,0.4
20131229,-2.9,0.1,0.1,0.3
20131230,2.2,0,0,0.1
20131231,3.8,0,0,0
20140101,4,0,0,0
20140102,1.5,0,0,0
20140103,2.3,0,0,0
20140104,-0.1,0,0,0
20140105,-0.8,0,0,0
20140106,0.8,0,0,0
20140107,3,0,0,0
20140108,0.5,0,0,0
20140109,-7.8,0,0,0
20140110,-4.7,0,0,0
20140111,-1.7,0,0,0
20140112,-2.4,0,0,0
20140113,-6.2,0,0,0
20140114,-4.3,0,0,0
20140115,-2.9,0,0,0
20140116,0.1,0,0,0
20140117,-0.1,0,0,0
20140118,-2.2,0,0,0
20140119,-2.6,0,0,0
20140120,-1.5,5.3,5.3,5.3
20140121,-5.5,0.7,0.8,6.1
20140122,-3.9,0,0,4.5
20140123,-0.8,0,0,3.8
20140124,3,0,0,2.5
20140125,4.2,3,0,0
20140126,-2.1,0,0,0
20140127,0.2,0,0,0
20140128,1.5,0.5,0,0
20140129,2.2,0,0,0
20140130,4,3.5,0,0
20140131,1.3,0,0,0
20140201,4.9,11,0,0
20140202,4.9,0.5,0,0
20140203,-3.5,0,0,0
20140204,-7.4,0,0,0
20140205,-4.8,0,0,0
20140206,-1.3,0,0,0
20140207,2.4,0,0,0
20140208,0.2,4.3,5.8,5.8
20140209,-1.6,0.2,0.2,5.8
20140210,-0.1,0.2,0.5,4
20140211,0.2,0,0,0
20140212,1.2,0,0,0
20140213,1.9,0,0,0
20140214,2.7,0,0,0
20140215,2.7,0,0,0
20140216,2.8,0,0,0
20140217,4.2,0,0,0
20140218,2.5,0,0,0
20140219,2.1,0,0,0
20140220,1.2,0,0,0
20140221,0.9,0,0,0
20140222,2.2,0,0,0
20140223,3.1,0,0,0
20140224,4.1,0,0,0
20140225,5.7,0,0,0
20140226,8.4,0,0,0
20140227,7.7,0,0,0
20140228,6.7,0,0,0
20140301,6,0,0,0
20140302,4.5,0,0,0
20140303,5.2,0,0,0
20140304,6.3,0,0,0
20140305,1.4,0,0,0
20140306,0.3,0,0,0
20140307,-0.6,0,0,0
20140308,2,0,0,0
20140309,1.4,2.2,1.9,1.9
20140310,1.5,0,0,0
20140311,4.5,0,0,0
20140312,6.9,0.2,0,0
20140313,5.2,0,0,0
20140314,3.4,0,0,0
20140315,6.8,0,0,0
20140316,11.3,0,0,0
20140317,12.6,0.5,0,0
20140318,10.5,0.4,0,0
20140319,9.6,0,0,0
20140320,6.3,0.4,0,0
20140321,5.9,0,0,0
20140322,8.6,0,0,0
20140323,9.6,0,0,0
20140324,10.9,0,0,0
20140325,14.6,0,0,0
20140326,15.4,0,0,0
20140327,13.5,0,0,0
20140328,16.6,0,0,0
20140329,15,3.5,0,0
20140330,14.9,0,0,0
20140331,14.5,0,0,0
20140401,15.6,0,0,0
20140402,15.5,0,0,0
20140403,10.2,0.5,0,0
20140404,6.6,0,0,0
20140405,6.2,0,0,0
20140406,7.4,0,0,0
20140407,10.3,0,0,0
20140408,11.9,0,0,0
20140409,10.3,0,0,0
20140410,12.5,0,0,0
20140411,13.6,0,0,0
20140412,14.3,0,0,0
20140413,17.2,0,0,0
20140414,16.3,0,0,0
20140415,12.9,0,0,0
20140416,14,0,0,0
20140417,14.7,3,0,0
20140418,15.9,0,0,0
20140419,14,0,0,0
20140420,14.6,0,0,0
20140421,15.1,0,0,0
20140422,16,0,0,0
20140423,17.2,0,0,0
20140424,18.6,0,0,0
20140425,19,0,0,0
20140426,18.7,0,0,0
20140427,15.6,8.5,0,0
20140428,13.6,13.5,0,0
20140429,15,5.5,0,0
20140430,16.1,0,0,0
20140501,16,0,0,0
20140502,15.7,1,0,0
20140503,13.1,0,0,0
20140504,12.3,0.2,0,0
20140505,11.3,0,0,0
20140506,13.1,0,0,0
20140507,15.7,2,0,0
20140508,14.5,4,0,0
20140509,16.8,0,0,0
20140510,20.5,0,0,0
20140511,18.9,23,0,0
20140512,16.4,10,0,0
20140513,19.2,0,0,0
20140514,19.6,0,0,0
20140515,18.2,0.3,0,0
20140516,19,0,0,0
20140517,20,0,0,0
20140518,20.3,0,0,0
20140519,20,0,0,0
20140520,21.5,0,0,0
20140521,20.1,0,0,0
20140522,20.9,0,0,0
20140523,22,0,0,0
20140524,21.3,0,0,0
20140525,20.5,21,0,0
20140526,19.4,1.5,0,0
20140527,22.8,0,0,0
20140528,24,0,0,0
20140529,23.2,0,0,0
20140530,24.8,0,0,0
20140531,26.2,0,0,0
20140601,24.7,0,0,0
20140602,22.6,2,0,0
20140603,18.7,33,0,0
20140604,22.8,0,0,0
20140605,22.9,0,0,0
20140606,24.4,0,0,0
20140607,23.5,0,0,0
20140608,21.4,0,0,0
20140609,22.9,0,0,0
20140610,23.6,5.5,0,0
20140611,20.5,19,0,0
20140612,21.2,0.1,0,0
20140613,21.3,0,0,0
20140614,22.5,0,0,0
20140615,23.2,0,0,0
20140616,23.9,0,0,0
20140617,24.5,3.5,0,0
20140618,24.4,0.1,0,0
20140619,22.5,0,0,0
20140620,24.2,1.5,0,0
20140621,23.1,8.5,0,0
20140622,23.7,0.4,0,0
20140623,21,24.5,0,0
20140624,22.9,0,0,0
20140625,23.8,0,0,0
20140626,24.4,0,0,0
20140627,24.1,0,0,0
20140628,23.8,0,0,0
20140629,24.1,0,0,0
20140630,25.3,0,0,0
20140701,26,0,0,0
20140702,25.7,20.5,0,0
20140703,22.6,2,0,0
20140704,26.8,0,0,0
20140705,25.7,0,0,0
20140706,25.7,0,0,0
20140707,27.1,0,0,0
20140708,25.9,0.2,0,0
20140709,27.6,0.5,0,0
20140710,28.9,0,0,0
20140711,27.1,0,0,0
20140712,25.3,0,0,0
20140713,25.4,0,0,0
20140714,26.4,0,0,0
20140715,26.8,0,0,0
20140716,26.6,0,0,0
20140717,25.9,0.2,0,0
20140718,26.1,1.5,0,0
20140719,27,0,0,0
20140720,27.9,0,0,0
20140721,27.3,0,0,0
20140722,25.9,16.5,0,0
20140723,23.6,55,0,0
20140724,21.9,48,0,0
20140725,27.5,59.5,0,0
20140726,22.6,2.5,0,0
20140727,25,0,0,0
20140728,26.6,0,0,0
20140729,26.5,0,0,0
20140730,28.6,0,0,0
20140731,28.6,1.5,0,0
20140801,30.2,0,0,0
20140802,31.4,0,0,0
20140803,26.5,13,0,0
20140804,26.4,6.5,0,0
20140805,26.6,0,0,0
20140806,24.4,10.5,0,0
20140807,24.7,0.2,0,0
20140808,26.1,0,0,0
20140809,26.5,0,0,0
20140810,23.4,42.5,0,0
20140811,23.7,0,0,0
20140812,25.8,0,0,0
20140813,24.2,0,0,0
20140814,22.3,0.5,0,0
20140815,24.9,0,0,0
20140816,26.1,0,0,0
20140817,24,3,0,0
20140818,22.3,11.5,0,0
20140819,22.3,4.5,0,0
20140820,24.8,0.5,0,0
20140821,23.1,46.5,0,0
20140822,24.7,15,0,0
20140823,25.2,0.5,0,0
20140824,25.6,0.1,0,0
20140825,25.9,0,0,0
20140826,25.4,11.5,0,0
20140827,24.6,0,0,0
20140828,25.1,0,0,0
20140829,25.2,6.5,0,0
20140830,24.6,0,0,0
20140831,24.1,0,0,0
20140901,24.1,1.5,0,0
20140902,23.1,6,0,0
20140903,19.1,57.5,0,0
20140904,22.4,0,0,0
20140905,23.8,0,0,0
20140906,25.2,0,0,0
20140907,25.3,0,0,0
20140908,24.8,0,0,0
20140909,23.3,0,0,0
20140910,22.4,0,0,0
20140911,23.3,0,0,0
20140912,21.3,0.1,0,0
20140913,23.1,0,0,0
20140914,23,0,0,0
20140915,23.1,0,0,0
20140916,21.3,0,0,0
20140917,20.2,0,0,0
20140918,20.6,0,0,0
20140919,21.4,0,0,0
20140920,21.6,0,0,0
20140921,20.2,0,0,0
20140922,21.4,0,0,0
20140923,23,0,0,0
20140924,20.3,6.5,0,0
20140925,22.2,0,0,0
20140926,21,0,0,0
20140927,21.4,0,0,0
20140928,21.7,0.5,0,0
20140929,19.4,16,0,0
20140930,18.9,0,0,0
20141001,19.2,0,0,0
20141002,18.1,9,0,0
20141003,16.1,0,0,0
20141004,16.9,0,0,0
20141005,17.1,0,0,0
20141006,16.6,0,0,0
20141007,16.1,0,0,0
20141008,16.7,0,0,0
20141009,18.6,0,0,0
20141010,19,0,0,0
20141011,19.4,0,0,0
20141012,21.2,0,0,0
20141013,17.4,0,0,0
20141014,13.8,0,0,0
20141015,13.8,0,0,0
20141016,13.2,2.5,0,0
20141017,13.6,0,0,0
20141018,15.5,0,0,0
20141019,17,0,0,0
20141020,14.4,21.5,0,0
20141021,13.8,18.5,0,0
20141022,13.6,0,0,0
20141023,13.8,0,0,0
20141024,15.1,0,0,0
20141025,16.5,0,0,0
20141026,16,0.5,0,0
20141027,10.7,0,0,0
20141028,10.2,0,0,0
20141029,12.1,0,0,0
20141030,14.2,0,0,0
20141031,15,0.2,0,0
20141101,17.3,0,0,0
20141102,12,2.5,0,0
20141103,9.3,0,0,0
20141104,11.3,0,0,0
20141105,12.4,0,0,0
20141106,13.5,0.5,0,0
20141107,9.8,0,0,0
20141108,9.9,0,0,0
20141109,10,0,0,0
20141110,9.4,0,0,0
20141111,9.4,2,0,0
20141112,6,5,0,0
20141113,-0.2,0,0,0
20141114,4.2,0,0,0
20141115,4.1,0,0,0
20141116,6.6,1,0,0
20141117,6.2,1.5,0,0
20141118,5,0,0,0
20141119,5.6,0,0,0
20141120,7.9,0,0,0
20141121,11.3,0,0,0
20141122,11,4,0,0
20141123,9,0,0,0
20141124,9.8,0,0,0
20141125,10.2,0,0,0
20141126,11,0,0,0
20141127,10.4,0,0,0
20141128,8.8,18,0,0
20141129,8.3,0,0,0
20141130,9.1,7,0,0
20141201,-1.1,0.5,0.3,0.3
20141202,-5.4,0,0,0
20141203,-3.3,0.9,1.7,1.7
20141204,-4.6,0,0,0
20141205,-6.6,0,0,0
20141206,-5.6,0,0,0
20141207,-3.4,0,0,0
20141208,-1.6,0,0,0
20141209,-2.4,0,0,0
20141210,1.6,2,0,0
20141211,-1.5,0.5,0,0
20141212,-3.8,0.1,0.2,0.2
20141213,-5.2,0,0,0.2
20141214,-3.6,0,0,0
20141215,-0.1,10.5,3.5,3.5
20141216,-4.9,0,0,2.7
20141217,-9,0,0,2
20141218,-8.3,0,0,1.8
20141219,-3.8,0.9,1,2.2
20141220,-1.7,2,0.7,2.9
20141221,-6.4,0,0,1.8
20141222,-4.7,0.3,0.6,2.1
20141223,-1.3,0,0,1.1
20141224,1.7,0.2,0,0.5
20141225,-2.6,0,0,0
20141226,-3.2,0,0,0
20141227,-1.8,0,0,0
20141228,-0.8,0,0,0
20141229,2.9,0,0,0
20141230,1.9,0,0,0
20141231,-1.9,0,0,0
20150101,-7.7,0,0,0
20150102,-6,0,0,0
20150103,-2.7,0,0,0
20150104,2.5,0,0,0
20150105,3.7,0.4,0,0
20150106,-3.2,3,0,0
20150107,-5.5,0,0,0
20150108,-5.1,0,0,0
20150109,-2.1,0,0,0
20150110,-0.3,0,0,0
20150111,-0.4,0,0,0
20150112,-2.7,0,0,0
20150113,0.2,0,0,0
20150114,2.5,0,0,0
20150115,2.8,0,0,0
20150116,0.8,0.3,0,0
20150117,-4.1,0,0,0
20150118,-1.3,4,5.1,5.1
20150119,-0.1,0.1,0.1,4.6
20150120,-0.9,0,0,0.5
20150121,2.6,0,0,0
20150122,3.1,0,0,0
20150123,1.2,0,0,0
20150124,3.7,0,0,0
20150125,3,3,0,0
20150126,3.6,0.5,0,0
20150127,-3.6,0,0,0
20150128,-4.1,0,0,0
20150129,-1.1,0,0,0
20150130,-3.3,0,0,0
20150131,-4.5,0,0,0
20150201,-3,0,0,0
20150202,-0.6,0,0,0
20150203,0.6,0,0,0
20150204,0.4,0,0,0
20150205,-0.1,0,0,0
20150206,0.4,0,0,0
20150207,1.2,0,0,0
20150208,-9.8,0,0,0
20150209,-5.7,0.2,0.3,0.3
20150210,1.7,0,0,0.2
20150211,2.7,0,0,0
20150212,-2.2,0,0,0
20150213,-1.6,0,0,0
20150214,2,0,0,0
20150215,7.9,0,0,0
20150216,5,10.5,0,0
20150217,1.9,0.5,0,0
20150218,0.8,0,0,0
20150219,2.2,0,0,0
20150220,5.2,0,0,0
20150221,5.7,8,0,0
20150222,3.5,2.5,0,0
20150223,0.9,0,0,0
20150224,2.1,0,0,0
20150225,5.4,0.5,0,0
20150226,1.2,0.5,0,0
20150227,-1.3,0,0,0
20150228,2.7,0,0,0
20150301,2.4,0,0,0
20150302,3.9,0,0,0
20150303,2.8,5.5,0,0
20150304,-2.1,0,0,0
20150305,-0.3,0,0,0
20150306,2.9,0,0,0
20150307,4.2,0,0,0
20150308,7.7,0,0,0
20150309,2.2,0,0,0
20150310,-3.4,0,0,0
20150311,0.4,0,0,0
20150312,2.1,0,0,0
20150313,5.6,0.1,0,0
20150314,4.3,0,0,0
20150315,5.5,0,0,0
20150316,9.8,0,0,0
20150317,10.7,0,0,0
20150318,10.7,1.5,0,0
20150319,12.4,0,0,0
20150320,13.4,0,0,0
20150321,11.7,0,0,0
20150322,8.3,0,0,0
20150323,4.6,0,0,0
20150324,5.4,0,0,0
20150325,6.5,0,0,0
20150326,7.9,0,0,0
20150327,9.1,0,0,0
20150328,9.7,0,0,0
20150329,10.5,0,0,0
20150330,13.2,0,0,0
20150331,12.9,2.5,0,0
20150401,12.9,2.5,0,0
20150402,14.8,28,0,0
20150403,10.6,3.5,0,0
20150404,13.5,0,0,0
20150405,10.5,0.5,0,0
20150406,10.3,0,0,0
20150407,8.4,0,0,0
20150408,8.3,0,0,0
20150409,9.6,0,0,0
20150410,11.6,0,0,0
20150411,13.5,0,0,0
20150412,14.9,0,0,0
20150413,12,6.5,0,0
20150414,6.9,10.5,0,0
20150415,11.1,1,0,0
20150416,9.9,7,0,0
20150417,10.5,0,0,0
20150418,15.2,0,0,0
20150419,14.5,12,0,0
20150420,12.2,5.5,0,0
20150421,14,0,0,0
20150422,14.2,0,0,0
20150423,14.5,0,0,0
20150424,15.7,0,0,0
20150425,15.9,0,0,0
20150426,17.3,0,0,0
20150427,18.5,0,0,0
20150428,20.3,0,0,0
20150429,17,3.5,0,0
20150430,21.2,0,0,0
20150501,21,0,0,0
20150502,20.7,0.5,0,0
20150503,18.3,3.5,0,0
20150504,16.1,0,0,0
20150505,14.2,0,0,0
20150506,15.4,0,0,0
20150507,16.5,0,0,0
20150508,16.7,0,0,0
20150509,17.6,0,0,0
20150510,19.1,0,0,0
20150511,18.4,14,0,0
20150512,13.3,9.5,0,0
20150513,17.4,0,0,0
20150514,20.4,0,0,0
20150515,19.1,0,0,0
20150516,18,0,0,0
20150517,18.6,0,0,0
20150518,17.7,0,0,0
20150519,14.8,1,0,0
20150520,16.3,0,0,0
20150521,18.7,0,0,0
20150522,20,0,0,0
20150523,20.6,0,0,0
20150524,21,0,0,0
20150525,20.8,0,0,0
20150526,21.5,0,0,0
20150527,23.2,0,0,0
20150528,24.3,0,0,0
20150529,23.8,0,0,0
20150530,19.8,0.4,0,0
20150531,22.1,0,0,0
20150601,21.7,0,0,0
20150602,23.1,0,0,0
20150603,23.3,0,0,0
20150604,24.2,0,0,0
20150605,19.1,1,0,0
20150606,22.4,0,0,0
20150607,23.4,0,0,0
20150608,22.4,0,0,0
20150609,22.2,0,0,0
20150610,25.3,0,0,0
20150611,24.6,7.5,0,0
20150612,23.6,0.5,0,0
20150613,24.7,0.5,0,0
20150614,22.8,15.5,0,0
20150615,24.2,0,0,0
20150616,25,0,0,0
20150617,23.4,9.5,0,0
20150618,24.8,3,0,0
20150619,24.5,0,0,0
20150620,19.6,44.5,0,0
20150621,22.4,0,0,0
20150622,24,0,0,0
20150623,24.7,0,0,0
20150624,25.7,0,0,0
20150625,24.8,2,0,0
20150626,21,12.5,0,0
20150627,25.2,0,0,0
20150628,25.4,0,0,0
20150629,25.7,0,0,0
20150630,24.4,2.5,0,0
20150701,23.7,0.5,0,0
20150702,23.7,0,0,0
20150703,23.3,0,0,0
20150704,24.1,0,0,0
20150705,24.2,0,0,0
20150706,25.3,0,0,0
20150707,25.6,0,0,0
20150708,23.4,0.5,0,0
20150709,26.5,0,0,0
20150710,29.2,0,0,0
20150711,30.4,0,0,0
20150712,24.8,29,0,0
20150713,23.1,10,0,0
20150714,26.1,0,0,0
20150715,27.9,0,0,0
20150716,24.7,0,0,0
20150717,23.6,0,0,0
20150718,24.3,0.5,0,0
20150719,25.1,5,0,0
20150720,27.5,0,0,0
20150721,27,11,0,0
20150722,27.7,1,0,0
20150723,26.9,16,0,0
20150724,24.7,26.5,0,0
20150725,25,80,0,0
20150726,26,40.5,0,0
20150727,26.2,1.5,0,0
20150728,27.7,0,0,0
20150729,26.7,4,0,0
20150730,28.6,0,0,0
20150731,27.9,0,0,0
20150801,28.2,0,0,0
20150802,26.5,16.5,0,0
20150803,27.9,0,0,0
20150804,27.5,0,0,0
20150805,28.6,0.1,0,0
20150806,29.3,0,0,0
20150807,28.9,11,0,0
20150808,26.6,7.5,0,0
20150809,26.7,0,0,0
20150810,27,0,0,0
20150811,26.8,0,0,0
20150812,27.3,0,0,0
20150813,26.5,0,0,0
20150814,26.9,0,0,0
20150815,27.1,0.1,0,0
20150816,25.8,29,0,0
20150817,26.6,0,0,0
20150818,27.9,0,0,0
20150819,26.8,0,0,0
20150820,25.4,0.4,0,0
20150821,25.2,2.5,0,0
20150822,25.5,0,0,0
20150823,26.3,0,0,0
20150824,26.3,0,0,0
20150825,21.7,5.5,0,0
20150826,21.9,0,0,0
20150827,24.7,0,0,0
20150828,23.2,0.3,0,0
20150829,24.4,0,0,0
20150830,24.9,0,0,0
20150831,25.9,0,0,0
20150901,25.9,0,0,0
20150902,23.9,0.5,0,0
20150903,23.9,18,0,0
20150904,24.8,0,0,0
20150905,21.9,5,0,0
20150906,22.2,0,0,0
20150907,22.6,0,0,0
20150908,22.7,0,0,0
20150909,22.4,0,0,0
20150910,22.4,0,0,0
20150911,21,2.5,0,0
20150912,19.2,0,0,0
20150913,20.2,0,0,0
20150914,22.1,0,0,0
20150915,22.8,0,0,0
20150916,21.6,0,0,0
20150917,21.4,0,0,0
20150918,21.9,0,0,0
20150919,22.3,0,0,0
20150920,22.1,0,0,0
20150921,22.6,0,0,0
20150922,23.9,0,0,0
20150923,22,0,0,0
20150924,23.4,0,0,0
20150925,23.4,0,0,0
20150926,22.4,0,0,0
20150927,21.9,0,0,0
20150928,21.4,0,0,0
20150929,22.1,0,0,0
20150930,21.3,0,0,0
20151001,16.3,35,0,0
20151002,16.5,0,0,0
20151003,19.2,0,0,0
20151004,16.6,0,0,0
20151005,18,0,0,0
20151006,18.7,0,0,0
20151007,19.6,0,0,0
20151008,20.1,0,0,0
20151009,16.2,0,0,0
20151010,12.8,3.5,0,0
20151011,10.8,3.5,0,0
20151012,12.3,0,0,0
20151013,15,0,0,0
20151014,17.1,0,0,0
20151015,17.9,0,0,0
20151016,17.5,0,0,0
20151017,18.7,0,0,0
20151018,17.9,0,0,0
20151019,18.1,0,0,0
20151020,18.8,0,0,0
20151021,17.9,0,0,0
20151022,17.5,0,0,0
20151023,17.5,0,0,0
20151024,16.9,10.5,0,0
20151025,16.3,0,0,0
20151026,15,2,0,0
20151027,12.1,26.5,0,0
20151028,9.9,0,0,0
20151029,8.4,0.5,0,0
20151030,5.4,0,0,0
20151031,5.7,0,0,0
20151101,7,0,0,0
20151102,10.8,0,0,0
20151103,11.8,0,0,0
20151104,12.2,0,0,0
20151105,13.2,0,0,0
20151106,13.5,4.5,0,0
20151107,10.5,24.5,0,0
20151108,11.1,10.5,0,0
20151109,10.8,3.5,0,0
20151110,10,0,0,0
20151111,11.6,0,0,0
20151112,14.5,0,0,0
20151113,11.5,22.5,0,0
20151114,12.8,3.5,0,0
20151115,13.4,0,0,0
20151116,12.2,5.5,0,0
20151117,13.9,0,0,0
20151118,10.4,5.5,0,0
20151119,8.9,0,0,0
20151120,9.8,0,0,0
20151121,9.2,0,0,0
20151122,10.2,3.5,0,0
20151123,8.5,6.5,0,0
20151124,5.6,0.5,0,0
20151125,2.4,11,0,0
20151126,-2.7,0,0,0
20151127,-2.8,0,0,0
20151128,0.1,0.1,0,0
20151129,2.5,3,0,0
20151130,4.1,0,0,0
20151201,4,0,0,0
20151202,6,13.5,0,0
20151203,-0.7,7.1,6.5,6.5
20151204,-0.4,0,0,0
20151205,3.4,0,0,0
20151206,1.3,0,0,0
20151207,1.9,0,0,0
20151208,2.9,0,0,0
20151209,5,0,0,0
20151210,7.8,0.3,0,0
20151211,6.4,0,0,0
20151212,5.2,0,0,0
20151213,5.2,0,0,0
20151214,5,2.5,0,0
20151215,4.7,0.1,0,0
20151216,-1,0,0,0
20151217,-4.6,0,0,0
20151218,-3.3,0,0,0
20151219,-0.1,0,0,0
20151220,1.5,0,0,0
20151221,2.2,2,0,0
20151222,3.1,0,0,0
20151223,5.9,0.4,0,0
20151224,1.5,0,0,0
20151225,-0.8,0,0.2,0.2
20151226,0.9,0.7,0.8,1
20151227,-5.7,0,0,0
20151228,-5.7,0,0,0
20151229,-3.2,0,0,0
20151230,0.3,2.5,0,0
20151231,0.7,0,0,0
20160101,1.2,0,0,0
20160102,5.7,0,0,0
20160103,6.5,0,0,0
20160104,2,0,0,0
20160105,-2.7,0,0,0
20160106,-1.7,0,0,0
20160107,-3.4,0,0,0
20160108,-3.3,0,0,0
20160109,-2.1,0,0,0
20160110,0.3,0,0,0
20160111,-3.8,0,0,0
20160112,-5.2,0,0,0
20160113,-4.5,0.4,0.5,0.5
20160114,-3.4,0,0,0.4
20160115,-0.4,0,0,0
20160116,-0.2,0.1,0,0
20160117,1.7,0,0,0
20160118,-6.3,0.2,0.4,0.4
20160119,-12.8,0,0,0
20160120,-10.5,0,0,0
20160121,-7.1,0,0,0
20160122,-7.6,0,0,0
20160123,-11.5,0,0,0
20160124,-14.4,0,0,0
20160125,-9.4,0,0,0
20160126,-3.3,0.3,0.5,0.5
20160127,-1.1,0,0,0
20160128,-0.5,0,0,0
20160129,1.9,0,0,0
20160130,0.6,0,0,0
20160131,-3.9,0,0,0
20160201,-6,0,0,0
20160202,-5.3,0,0,0
20160203,-2.4,0,0,0
20160204,-0.7,0,0,0
20160205,-2.2,0,0,0
20160206,-3.1,0,0,0
20160207,-2.9,0,0,0
20160208,1.3,0,0,0
20160209,0.3,0,0,0
20160210,2.7,0,0,0
20160211,8.1,0.1,0,0
20160212,8.4,18,0,0
20160213,11,21,0,0
20160214,-2.6,2.5,0,0
20160215,-5.8,0,0,0
20160216,-2.7,0.8,1.2,1.2
20160217,0,0,0,0
20160218,3.5,0,0,0
20160219,2.3,0,0,0
20160220,1.3,0,0,0
20160221,-0.6,0,0,0
20160222,1.1,0,0,0
20160223,0.7,0.9,0.3,0.3
20160224,-3,0,0,0
20160225,-0.2,0,0,0
20160226,2.2,0,0,0
20160227,3.3,0.2,0,0
20160228,0.7,4.1,5,5
20160229,-3.8,0,0,4.3
20160301,-2.7,0,0,0
20160302,3.1,0,0,0
20160303,8.1,0,0,0
20160304,13.2,0.1,0,0
20160305,11.3,40,0,0
20160306,7.9,0.2,0,0
20160307,8.1,0,0,0
20160308,2.7,0,0,0
20160309,0.3,0,0,0
20160310,-1.1,0,0,0
20160311,-0.5,0,0,0
20160312,2,0,0,0
20160313,3.7,0.1,0,0
20160314,4.7,0,0,0
20160315,5.2,0,0,0
20160316,7.5,0,0,0
20160317,9.3,0,0,0
20160318,13.4,0,0,0
20160319,11.4,0,0,0
20160320,10.6,0,0,0
20160321,9.9,0,0,0
20160322,8,0,0,0
20160323,8.2,0,0,0
20160324,7.2,0,0,0
20160325,7.1,0,0,0
20160326,6.5,0,0,0
20160327,7.2,0,0,0
20160328,9.8,0,0,0
20160329,11.3,0.1,0,0
20160330,11.5,0,0,0
20160331,13.5,0,0,0
20160401,15.3,0,0,0
20160402,15,0,0,0
20160403,10.7,2,0,0
20160404,12.3,0,0,0
20160405,11.4,0,0,0
20160406,14.4,3,0,0
20160407,14.1,7.5,0,0
20160408,11.1,0,0,0
20160409,10.7,0,0,0
20160410,13.4,0,0,0
20160411,12.5,0,0,0
20160412,14.1,0,0,0
20160413,15.6,1,0,0
20160414,12.4,0,0,0
20160415,15,0,0,0
20160416,14.9,23.5,0,0
20160417,10.8,20.5,0,0
20160418,11.2,1.5,0,0
20160419,12,0,0,0
20160420,14.3,0.5,0,0
20160421,13.5,17,0,0
20160422,13.5,0,0,0
20160423,13.5,0,0,0
20160424,15.5,0,0,0
20160425,17.2,0,0,0
20160426,21.1,0,0,0
20160427,17.2,0,0,0
20160428,17.2,0,0,0
20160429,16.2,0.3,0,0
20160430,15.9,0,0,0
20160501,18.8,0,0,0
20160502,21.1,16.5,0,0
20160503,12.9,27,0,0
20160504,15.7,0,0,0
20160505,18.9,7.5,0,0
20160506,16.3,9.5,0,0
20160507,16.5,0,0,0
20160508,19.4,0,0,0
20160509,20.2,0,0,0
20160510,14.5,13.5,0,0
20160511,16.4,0,0,0
20160512,17.8,0,0,0
20160513,18.6,0.5,0,0
20160514,20.2,0,0,0
20160515,17.4,45,0,0
20160516,15.9,2.5,0,0
20160517,19.3,0,0,0
20160518,22.3,0,0,0
20160519,24.3,0,0,0
20160520,24,0,0,0
20160521,24.1,0,0,0
20160522,24.7,0,0,0
20160523,23.3,0,0,0
20160524,16.8,38.5,0,0
20160525,19.7,0,0,0
20160526,19.4,0,0,0
20160527,20.9,0,0,0
20160528,21.7,0,0,0
20160529,21.5,0,0,0
20160530,22.1,0,0,0
20160531,21.6,0,0,0
20160601,23.3,0,0,0
20160602,23.2,0,0,0
20160603,22.2,0,0,0
20160604,21.2,0,0,0
20160605,24.7,0,0,0
20160606,23.3,0,0,0
20160607,21.7,0.1,0,0
20160608,22.1,0,0,0
20160609,24.1,0,0,0
20160610,24.6,0,0,0
20160611,23.5,3,0,0
20160612,23.5,1.5,0,0
20160613,23.5,0,0,0
20160614,23.8,0,0,0
20160615,20.9,15.5,0,0
20160616,20.9,0,0,0
20160617,23.8,0,0,0
20160618,24.5,0,0,0
20160619,24.1,0,0,0
20160620,24.7,0,0,0
20160621,26,0,0,0
20160622,24.3,30.5,0,0
20160623,24.7,0.1,0,0
20160624,23.1,3.5,0,0
20160625,22.8,0,0,0
20160626,24.4,0,0,0
20160627,24.4,0,0,0
20160628,24.7,0,0,0
20160629,25.3,0,0,0
20160630,24.6,0.2,0,0
20160701,24,108.5,0,0
20160702,23.5,4,0,0
20160703,23.5,0,0,0
20160704,21.8,29.5,0,0
20160705,23.1,100.5,0,0
20160706,22.9,0,0,0
20160707,24,0,0,0
20160708,27.3,0,0,0
20160709,27.7,0,0,0
20160710,27.9,0,0,0
20160711,28.4,0,0,0
20160712,26.3,3,0,0
20160713,26.3,0,0,0
20160714,27.5,0.1,0,0
20160715,26.2,1.5,0,0
20160716,20.8,46.5,0,0
20160717,21.7,2.5,0,0
20160718,24.4,0.2,0,0
20160719,27.1,0,0,0
20160720,28.6,0,0,0
20160721,28.3,0,0,0
20160722,29.1,0,0,0
20160723,28.7,0.5,0,0
20160724,28,0.5,0,0
20160725,28.4,0,0,0
20160726,28.4,0,0,0
20160727,27.6,0.5,0,0
20160728,28,0.2,0,0
20160729,26.3,59.5,0,0
20160730,28.6,0.5,0,0
20160731,28.9,0.2,0,0
20160801,28.4,0,0,0
20160802,27.2,2,0,0
20160803,29.1,0,0,0
20160804,30.7,0,0,0
20160805,31.2,0,0,0
20160806,30.5,0,0,0
20160807,30.6,0,0,0
20160808,30.5,0,0,0
20160809,29.3,1,0,0
20160810,29.4,0,0,0
20160811,30.5,0,0,0
20160812,30.4,0,0,0
20160813,30.2,0,0,0
20160814,28.9,0.2,0,0
20160815,29.1,0,0,0
20160816,29.3,0.5,0,0
20160817,29.9,0,0,0
20160818,29.9,0,0,0
20160819,28.9,11.5,0,0
20160820,30.1,0,0,0
20160821,30.7,0,0,0
20160822,30.7,0.4,0,0
20160823,28.3,8,0,0
20160824,29.1,0,0,0
20160825,27.1,4.5,0,0
20160826,23,20,0,0
20160827,23.4,0,0,0
20160828,21,1.5,0,0
20160829,22.2,0,0,0
20160830,20.6,0,0,0
20160831,17.7,17.5,0,0
20160901,23.2,0,0,0
20160902,24.2,4.5,0,0
20160903,23.9,0.5,0,0
20160904,25.6,0,0,0
20160905,26.4,0,0,0
20160906,24.7,0,0,0
20160907,24.3,0,0,0
20160908,23,4.5,0,0
20160909,23.9,0,0,0
20160910,24.4,0,0,0
20160911,24.5,0,0,0
20160912,23.4,2.5,0,0
20160913,24.6,0,0,0
20160914,24.6,0,0,0
20160915,23.9,0,0,0
20160916,24.6,0,0,0
20160917,23.1,7,0,0
20160918,23.5,0,0,0
20160919,21.9,0,0,0
20160920,20.6,0,0,0
20160921,20.2,0,0,0
20160922,21.9,0,0,0
20160923,21.4,0,0,0
20160924,22.3,0,0,0
20160925,23,0,0,0
20160926,23.6,0,0,0
20160927,21,13.5,0,0
20160928,19.9,0.5,0,0
20160929,20.4,0,0,0
20160930,20.5,0,0,0
20161001,21.1,0,0,0
20161002,19,18.5,0,0
20161003,22.7,6.5,0,0
20161004,22,0,0,0
20161005,21.1,0,0,0
20161006,18,0,0,0
20161007,19.7,2,0,0
20161008,16.8,6,0,0
20161009,11.3,0,0,0
20161010,14,0,0,0
20161011,15.4,0,0,0
20161012,15.5,0,0,0
20161013,15.2,0,0,0
20161014,16.7,0,0,0
20161015,19.1,0,0,0
20161016,17.2,1.5,0,0
20161017,17.5,0,0,0
20161018,17,0,0,0
20161019,18,0,0,0
20161020,18.6,0,0,0
20161021,17.9,0,0,0
20161022,18.3,0,0,0
20161023,13.3,2.5,0,0
20161024,15.1,0,0,0
20161025,14.1,37,0,0
20161026,13.3,0,0,0
20161027,14.6,0,0,0
20161028,14.6,0.3,0,0
20161029,7.8,0,0,0
20161030,7.9,0,0,0
20161031,5.7,0.5,0,0
20161101,1.5,0,0,0
20161102,4.1,0.1,0,0
20161103,9.1,0.2,0,0
20161104,12.3,0,0,0
20161105,15,0,0,0
20161106,14,0,0,0
20161107,12.8,5.5,0,0
20161108,4.1,0.5,0,0
20161109,2.1,0,0,0
20161110,6,0.4,0,0
20161111,9.1,4,0,0
20161112,11.4,0,0,0
20161113,14.4,0.5,0,0
20161114,13.2,1.5,0,0
20161115,5.2,0,0,0
20161116,5.2,0,0,0
20161117,9.1,0,0,0
20161118,10.3,0,0,0
20161119,13,0,0,0
20161120,9.8,0,0,0
20161121,9.5,0,0,0
20161122,2,0.2,0,0
20161123,-1.8,0,0,0
20161124,-2.5,0,0,0
20161125,1,0,0,0
20161126,0.9,2.8,0.8,0.8
20161127,3.3,0,0,0
20161128,1.4,0,0,0
20161129,1.7,0,0,0
20161130,6,1,0,0
20161201,4.1,0,0,0
20161202,1.6,0,0,0
20161203,4.5,0,0,0
20161204,5.5,0,0,0
20161205,5.9,1.5,0,0
20161206,-1.1,0,0,0
20161207,1.7,0,0,0
20161208,2.1,3,0,0
20161209,1.4,3,0,0
20161210,-1.6,0,0,0
20161211,-1.1,0,0,0
20161212,2.3,0,0,0
20161213,3.4,0,0,0
20161214,-1.4,0.1,0,0
20161215,-5,0,0,0
20161216,-4.7,0,0,0
20161217,2.7,0,0,0
20161218,4.9,0,0,0
20161219,7.2,0.1,0,0
20161220,7.6,0,0,0
20161221,7.9,29,0,0
20161222,5.5,23.5,0,0
20161223,-2.5,0.1,0,0
20161224,-2.4,0,0,0
20161225,1,0,0,0
20161226,2.5,0,0,0
20161227,-2.3,0.5,0.5,0.5
20161228,-3.7,0,0,0
20161229,-4.2,0.3,1,1
20161230,-3.9,0,0,0
20161231,0.7,0,0,0
20170101,2.7,0,0,0
20170102,5,0.3,0,0
20170103,2,0,0,0
20170104,3.9,0,0,0
20170105,3.8,0,0,0
20170106,5.4,0,0,0
20170107,4.6,0,0,0
20170108,6.5,0,0,0
20170109,1.5,0,0,0
20170110,-3.7,0,0,0
20170111,-3.8,0,0,0
20170112,-2.2,0,0.1,0.1
20170113,-6,0.6,1.5,1.5
20170114,-8.4,0,0,0
20170115,-6.6,0,0,0
20170116,-3.8,0,0,0
20170117,-2,0,0,0
20170118,-0.5,0,0,0
20170119,-1.2,0,0,0
20170120,-4.4,4,6.6,6.6
20170121,-5.2,2.1,3.2,5.7
20170122,-8.3,0,0,5.7
20170123,-8.9,0,0,3.5
20170124,-7,0,0,2.3
20170125,-5.2,0,0,1.9
20170126,-1.3,0.3,0,1.5
20170127,-2.6,3,0,0.9
20170128,-1.6,0,0,0
20170129,0.8,4.5,2.1,2.1
20170130,-4.8,0.1,0.1,2.2
20170131,-5.4,0,0,1.5
20170201,-4,0,0,0.8
20170202,-2.7,0,0,0
20170203,1.5,0,0,0
20170204,0.9,0,0,0
20170205,1.2,0.5,0,0
20170206,-1.7,0,0,0
20170207,-2,0,0,0
20170208,-2.2,0,0,0
20170209,-5.3,0,0,0
20170210,-6.6,0,0,0
20170211,-4.8,0,0,0
20170212,-2.2,0,0,0
20170213,0.1,0,0,0
20170214,0.3,0,0,0
20170215,1.8,0,0,0
20170216,5.5,0,0,0
20170217,0.8,4,0,0
20170218,-2.6,0,0,0
20170219,2.3,1,0,0
20170220,-1.5,0.5,0,0
20170221,-0.6,0,0,0
20170222,1.7,5.1,0,0
20170223,-1.5,0,0,0
20170224,-0.8,0,0,0
20170225,2.6,0,0,0
20170226,3.6,0,0,0
20170227,3.7,0,0,0
20170228,5.6,0,0,0
20170301,5,5,0,0
20170302,1.8,0.5,0,0
20170303,3.3,0,0,0
20170304,5.7,0,0,0
20170305,5.2,0.5,0,0
20170306,0.1,0,0,0
20170307,-1.3,0,0,0
20170308,-0.1,0,0,0
20170309,3.2,0,0,0
20170310,4.8,0,0,0
20170311,7.3,0,0,0
20170312,8.2,0,0,0
20170313,6.9,0,0,0
20170314,5.8,0,0,0
20170315,6.3,0,0,0
20170316,6.2,0,0,0
20170317,7.7,0,0,0
20170318,9.5,0,0,0
20170319,10.9,0,0,0
20170320,10.2,0,0,0
20170321,7.4,0,0,0
20170322,7.6,0,0,0
20170323,9.1,0,0,0
20170324,8.7,0,0,0
20170325,8.1,0,0,0
20170326,7.3,0,0,0
20170327,6.1,0.4,0,0
20170328,7.1,0,0,0
20170329,8.8,0,0,0
20170330,10.6,0,0,0
20170331,8.6,1.5,0,0
20170401,9,1,0,0
20170402,9,0,0,0
20170403,11.4,0,0,0
20170404,14.1,0,0,0
20170405,12,37.5,0,0
20170406,10.4,3,0,0
20170407,14.5,0,0,0
20170408,13,0.5,0,0
20170409,14.8,0.5,0,0
20170410,16.5,0,0,0
20170411,15.3,0,0,0
20170412,11.5,0,0,0
20170413,12.7,0,0,0
20170414,13,6,0,0
20170415,16.8,0,0,0
20170416,18.7,0,0,0
20170417,14.7,5.5,0,0
20170418,11.7,7.5,0,0
20170419,12.6,0,0,0
20170420,12.9,0.1,0,0
20170421,13.1,0,0,0
20170422,14.8,0,0,0
20170423,14.9,0,0,0
20170424,15.1,0,0,0
20170425,16,0,0,0
20170426,15.1,0,0,0
20170427,13.6,0,0,0
20170428,14.4,0,0,0
20170429,17.1,0,0,0
20170430,19.3,0,0,0
